WahlkreisId;ParteiId;KandidatId;KandidatName;StimmzettelReihenfolge;PlatzNummer;Gesamtstimmen;Zweitstimmen;501;502;503;504;505;506;507;508;509;510;511;512
5;1;1;Söder, Dr. Markus;1;1;283.090;256.321;19.110;26.769;23.280;18.306;25.156;29.185;18.357;15.048;25.329;30.476;27.994;24.080
5;1;2;Herrmann, Joachim;2;2;60.365;39.278;1.462;12.746;1.428;769;2.680;2.626;8.118;21.087;2.443;3.105;2.139;1.762
5;1;3;Herold, Hans;4;3;39.223;1.056;46;116;35;27;393;70;103;46;146;38.167;35;39
5;1;4;Westphal, Manuel;13;4;39.116;877;29;68;19;16;460;38.239;25;21;38;50;25;126
5;1;5;Guttenberger, Petra;3;5;33.483;5.439;380;974;260;215;357;295;295;585;28.044;1.550;237;291
5;1;6;Dünkel, Norbert;11;6;31.413;915;26;635;27;21;18;17;32;21;38;30;30.498;50
5;1;7;Schalk, Andreas;6;7;30.975;3.784;49;135;45;28;27.191;2.879;42;52;75;359;35;85
5;1;8;Freller, Karl;7;8;29.769;4.812;171;734;24.957;233;230;282;71;99;188;141;115;2.548
5;1;9;Bauer, Volker;12;9;28.490;1.477;63;193;422;49;252;172;54;53;76;69;74;27.013
5;1;10;Nussel, Walter;9;10;26.562;1.647;32;66;14;8;108;89;24.915;735;72;431;33;59
5;1;11;Regitz, Barbara;5;11;24.258;4.081;20.177;2.428;303;253;106;86;105;151;313;111;112;113
5;1;12;Kohler, Jochen;14;12;19.989;1.757;125;279;147;18.232;87;106;53;69;628;152;44;67
5;1;13;Brandl, Alfons;18;13;5.443;5.443;14;41;14;11;2.527;2.714;13;10;18;47;16;18
5;1;14;Ixmeier, Renate;22;14;4.599;4.599;32;103;32;23;212;171;140;36;54;3.644;70;82
5;1;15;Trinkl, Cornelia;8;15;3.946;3.946;110;782;73;51;82;54;63;70;125;65;2.411;60
5;1;16;Höfler, Peter;20;16;3.880;3.880;779;874;168;129;308;293;170;146;274;296;215;228
5;1;17;Dietzel, Ursula;10;17;3.527;3.527;81;206;87;43;98;190;69;75;104;61;50;2.463
5;1;18;Gebhardt, Bastian;17;18;3.035;3.035;118;460;136;144;177;113;78;79;966;510;103;151
5;1;19;Volleth, Jörg;21;19;2.775;2.775;52;153;38;35;40;43;349;1.793;91;85;59;37
5;1;20;Hommel, Alexander;24;20;1.639;1.639;17;1.068;28;16;24;25;28;10;19;14;337;53
5;1;21;Mathes, Gerlinde;15;21;1.171;1.171;120;614;108;56;35;32;22;21;44;39;45;35
5;1;22;Lay, Gabriele;16;22;1.035;1.035;98;345;87;126;47;43;49;29;77;41;46;47
5;1;23;Quester, Lutz;23;23;853;853;66;262;164;56;27;30;36;28;56;66;28;34
5;1;24;Beugel-Hilz, Alexandra;19;24;406;406;9;32;11;10;21;13;102;158;22;10;8;10
5;2;1;Arnold, Horst;1;1;39.546;25.969;2.300;1.805;1.974;1.832;2.385;2.603;2.364;1.488;13.577;4.957;2.354;1.907
5;2;2;Hiersemann, Alexandra;2;2;22.342;13.015;754;571;505;482;541;583;9.327;4.139;3.436;673;774;557
5;2;3;Schuster, Stefan;5;3;20.962;11.816;2.145;1.425;3.032;9.146;449;543;524;309;1.217;584;769;819
5;2;4;Tasdelen, Arif;3;4;20.811;9.662;11.149;2.390;1.395;1.922;261;246;454;283;1.066;299;842;504
5;2;5;Scheuenstuhl, Harry;7;5;17.626;6.315;387;329;223;339;1.104;316;319;185;2.605;11.311;288;220
5;2;6;Lipka, Andrea;4;6;15.488;3.996;491;906;352;310;167;190;420;176;395;233;11.492;356
5;2;7;Gardill, Kerstin;6;7;13.280;4.070;714;9.210;258;321;72;83;117;114;176;76;2.004;135
5;2;8;Arabackyj, Claudia;8;8;12.577;3.115;910;478;9.462;847;55;45;46;49;180;54;101;350
5;2;9;Schneider, Marcel;11;9;11.139;2.650;131;435;1.021;173;70;148;58;55;143;113;303;8.489
5;2;10;Dees, Dr. Philipp;10;10;10.199;2.365;159;144;93;117;51;61;1.326;7.834;148;110;91;65
5;2;11;Dösel, Harald;9;11;8.968;1.074;48;47;47;49;291;7.894;27;33;63;35;35;399
5;2;12;Ringler, Norbert;12;12;6.893;700;23;13;17;28;6.193;453;10;14;21;76;20;25
5;2;13;Biersack, Manuela;21;13;2.206;2.206;42;23;43;59;32;36;31;20;1.684;155;44;37
5;2;14;Hurle, Dr. Katrin;15;14;1.898;1.898;95;78;50;52;49;53;393;858;102;66;57;45
5;2;15;Bentz, Monika;17;15;1.700;1.700;194;133;108;122;94;100;298;169;160;110;121;91
5;2;16;Ott, Lukas;22;16;1.564;1.564;57;63;32;53;38;44;43;41;58;45;1.039;51
5;2;17;Schermeyer, Andreas;20;17;1.423;1.423;54;52;40;59;28;285;40;38;48;51;36;692
5;2;18;Borgendale, Martina;19;18;1.247;1.247;213;160;148;237;47;49;54;54;87;47;69;82
5;2;19;Gmöhling, Felix;18;19;1.055;1.055;22;20;6;18;431;488;6;5;19;21;5;14
5;2;20;Liberov, Vitali;16;20;987;987;177;141;115;189;35;27;37;46;89;38;43;50
5;2;21;Spiegel-Schmidt, Svenja;23;21;758;758;115;90;76;170;38;42;32;22;48;43;37;45
5;2;22;Zinnecker, Jonas;14;22;749;749;9;12;15;19;406;36;12;19;17;178;15;11
5;2;23;Fleischmann, Stefan;24;23;745;745;11;14;6;15;23;38;35;7;16;550;12;18
5;2;24;Vlachou, Dionisia;13;24;548;548;106;66;69;107;16;19;14;16;43;30;33;29
5;3;1;Bauer, Dr. Peter;1;1;31.542;20.151;826;894;878;503;11.391;5.713;1.438;995;1.309;3.645;2.217;1.733
5;3;2;Schmidt, Gabi;2;2;17.646;5.913;171;182;150;91;2.090;280;1.881;240;338;11.733;306;184
5;3;3;Hauber, Wolfgang;3;3;16.139;4.241;253;299;286;173;752;11.898;212;187;332;427;519;801
5;3;4;Schneider, Thomas;4;4;14.323;3.337;104;105;132;63;165;1.520;520;148;87;184;309;10.986
5;3;5;Enz, Christian;6;5;10.002;1.515;27;25;15;14;439;54;8.487;113;29;723;43;33
5;3;6;Feisthammel, Angelika;5;6;9.483;1.199;81;319;79;57;89;102;63;52;78;146;8.284;133
5;3;7;Moll, Dr. Gunther;7;7;7.213;2.987;217;200;102;104;230;167;1.031;4.226;249;260;286;141
5;3;8;Beck, Stephan;9;8;6.775;989;94;56;69;116;107;99;56;40;5.786;197;76;79
5;3;9;Meier, Marco;11;9;5.949;2.699;70;75;3.250;61;1.649;378;42;34;68;155;79;88
5;3;10;Kuhnert, Marion;12;10;5.818;2.669;161;3.149;172;89;207;236;158;114;178;299;779;276
5;3;11;Dörfler, Jürgen;8;11;5.538;2.321;3.217;529;478;413;64;99;65;55;165;85;235;133
5;3;12;Schenkel, Alexander;10;12;4.092;1.777;125;68;46;2.315;53;47;338;787;94;71;96;52
5;3;13;Kratzer, Hermann;15;13;3.537;3.537;46;58;44;29;60;198;35;25;62;63;58;2.859
5;3;14;Niedermann, Jürgen;14;14;2.858;2.858;92;63;35;31;249;253;451;833;109;436;162;144
5;3;15;Lau, Heidi;19;15;2.424;2.424;147;136;91;91;109;126;117;83;826;455;134;109
5;3;16;Vogel, Michael;13;16;2.256;2.256;42;29;21;24;1.450;372;23;22;46;150;38;39
5;3;17;Tiefel, Stefan-Hans;17;17;1.931;1.931;60;33;28;25;126;81;65;27;235;1.160;49;42
5;3;18;Huber, Christian;23;18;1.537;1.537;12;11;428;16;70;187;9;8;27;38;11;720
5;3;19;Sparrer, Otto;24;19;1.428;1.428;17;17;18;5;450;762;15;10;17;56;20;41
5;3;20;Schölkopf, Michael;18;20;1.120;1.120;37;18;8;12;14;9;692;104;33;25;149;19
5;3;21;Riedelbauch, Holger;20;21;1.111;1.111;27;97;9;14;12;14;15;10;23;14;859;17
5;3;22;Bleisteiner, Gabi;22;22;1.064;1.064;15;26;14;12;14;19;20;6;16;30;873;19
5;3;23;Kißlinger, Felix;16;23;1.027;1.027;28;15;10;19;31;84;8;10;647;116;29;30
5;3;24;Vahldiek, Michael;21;24;496;496;12;23;8;6;4;6;8;10;12;7;392;8
5;4;1;Osgyan, Verena;1;1;60.866;51.679;8.127;6.160;3.770;9.187;3.603;2.715;4.342;5.652;4.936;4.167;5.127;3.080
5;4;2;Stümpfig, Martin;2;2;44.225;27.973;2.922;2.358;1.450;3.310;16.252;5.436;1.875;2.589;2.075;2.617;2.028;1.313
5;4;3;Ganserer, Markus;4;3;34.914;16.116;18.798;1.502;891;949;1.500;525;932;1.118;5.161;1.608;1.257;673
5;4;4;Fuchs, Barbara;3;4;24.078;6.012;703;476;349;564;731;249;458;522;18.066;1.268;446;246
5;4;5;Weigand, Dr. Sabine;5;5;23.831;11.469;1.206;994;12.362;983;1.098;602;438;584;1.023;690;832;3.019
5;4;6;Zwanziger, Christian;6;6;20.645;3.655;459;247;162;144;225;111;1.257;16.990;298;311;313;128
5;4;7;Hayn, Elmar;8;7;18.294;2.928;804;15.366;311;723;121;54;95;200;214;69;257;80
5;4;8;Marschall, Astrid;9;8;16.557;3.186;322;280;194;176;223;161;13.371;613;185;199;666;167
5;4;9;Drechsler, Gabriele;7;9;14.906;1.787;191;579;146;108;116;50;69;117;126;85;13.119;200
5;4;10;Höftmann, André;10;10;14.770;2.637;342;320;183;241;237;121;210;317;335;12.133;191;140
5;4;11;Kucher, Winfried;14;11;12.925;889;111;103;41;52;113;12.036;61;109;64;35;42;158
5;4;12;Hofmann, Andreas;12;12;11.943;1.424;147;113;151;94;141;203;93;87;124;138;133;10.519
5;4;13;Schubarth, Achim;22;13;6.359;6.359;578;465;296;306;533;1.996;312;412;405;334;382;340
5;4;14;Schaaf, Gabriela;11;14;5.559;5.559;405;339;229;163;2.405;289;222;313;317;363;290;224
5;4;15;Weierich, Peter;16;15;5.541;5.541;318;244;88;147;109;54;1.022;2.943;230;151;150;85
5;4;16;Deffner, Heidemarie;13;16;3.139;3.139;289;252;193;182;345;136;132;184;385;741;183;117
5;4;17;Thomas, Cornelia;15;17;2.789;2.789;256;178;137;175;163;81;113;149;986;298;149;104
5;4;18;Neunhoeffer, Klaus;18;18;2.657;2.657;105;81;1.393;66;59;54;33;62;160;46;299;299
5;4;19;Peucker-Göbel, Karin;21;19;2.449;2.449;136;88;69;57;132;42;1.147;221;109;290;99;59
5;4;20;Hammer, Eva;17;20;2.142;2.142;121;88;44;73;100;38;531;858;101;85;63;40
5;4;21;Herling, Anja;19;21;1.700;1.700;418;348;159;268;42;27;60;70;93;47;121;47
5;4;22;Aurnhammer, Tom;20;22;1.498;1.498;141;90;69;70;77;162;43;56;105;40;69;576
5;4;23;Reichel, René;24;23;1.335;1.335;281;241;134;180;65;33;53;46;89;57;99;57
5;4;24;Romstoeck, Isa;23;24;1.152;1.152;239;174;77;212;47;28;63;63;77;49;89;34
5;5;1;Fischbach, Matthias;1;1;15.918;12.151;1.531;1.362;794;687;921;788;1.750;3.767;1.377;1.222;982;737
5;5;2;Dunker, Dr. Jan;3;2;7.795;3.291;4.504;570;308;370;188;117;160;554;501;184;210;129
5;5;3;Hanel, Alexander;2;3;6.175;3.117;164;191;109;78;3.058;498;114;1.362;177;190;135;99
5;5;4;Sormaz, Ümit;4;4;5.157;2.688;661;398;311;2.469;134;80;147;283;266;129;167;112
5;5;5;Eichmann, Stephan;15;5;4.989;682;103;78;42;49;53;27;49;68;4.307;140;34;39
5;5;6;Neuner, Andreas;7;6;3.939;638;78;3.301;33;25;52;31;22;39;40;30;260;28
5;5;7;Ekrem, Boulent;13;7;3.572;587;50;46;34;123;44;17;2.985;125;51;45;31;21
5;5;8;Scharf, Luca;6;8;3.492;490;47;114;37;40;42;30;36;41;29;38;3.002;36
5;5;9;Fleischer, Franz;17;9;3.339;455;28;25;15;15;16;9;10;12;304;2.884;8;13
5;5;10;List, Bernd;23;10;3.138;513;54;51;2.625;47;35;55;14;28;26;26;24;153
5;5;11;Stromberger, Stefan;9;11;3.117;446;45;51;95;28;36;23;24;28;34;18;64;2.671
5;5;12;Bartram, Gabriele;11;12;3.049;610;70;52;37;39;105;2.439;44;49;57;48;44;65
5;5;13;Ahrens, Nils;18;13;1.853;1.853;149;119;58;71;54;57;186;807;118;107;71;56
5;5;14;Mathes, Johanna;5;14;1.628;1.628;143;81;67;92;101;65;65;113;569;197;72;63
5;5;15;Kumar, Dr. Walburga;10;15;1.519;1.519;134;64;97;74;68;160;48;94;75;62;50;593
5;5;16;Rißmann, Daniela;8;16;1.112;1.112;91;109;66;84;68;81;57;72;80;71;281;52
5;5;17;Rotermund-Fritsche, Dr. Annette;12;17;1.062;1.062;320;134;74;114;49;47;47;98;67;37;46;29
5;5;18;Lerchenfeld Freiherr von, Carl Heimeran;20;18;899;899;42;39;32;21;169;47;29;47;39;351;49;34
5;5;19;Eipper, Dr. Christoph;21;19;891;891;174;139;83;105;43;31;37;71;65;45;48;50
5;5;20;Endres, Sabine;16;20;706;706;20;26;18;24;291;64;29;25;43;115;21;30
5;5;21;Meier, Agnes;14;21;409;409;29;24;19;30;23;28;18;33;128;32;20;25
5;5;22;Heußer, Edith;24;22;366;366;58;50;47;45;20;24;16;16;25;20;22;23
5;5;23;Markert, Ralf;22;23;361;361;13;8;5;8;10;16;200;32;10;40;7;12
5;5;24;Meding von, Sebastian;19;24;263;263;30;92;11;12;6;6;10;15;15;10;46;10
5;6;1;Haupt, Niklas;1;1;17.384;11.680;1.920;1.285;802;1.069;793;722;777;1.221;5.704;1.440;961;690
5;6;2;Pihan, Debora;2;2;11.499;7.344;1.182;847;570;4.155;382;266;362;600;1.908;379;520;328
5;6;3;Fesli, Gizem;3;3;7.360;2.145;5.215;385;199;623;66;55;69;119;310;101;135;83
5;6;4;Halla, Uwe;4;4;6.314;2.164;429;4.150;205;294;76;78;125;174;354;140;205;84
5;6;5;Eitel, Lukas;8;5;4.383;2.030;168;153;90;147;84;81;2.353;764;224;113;125;81
5;6;6;Gerbig, Stefan;6;6;4.266;1.353;270;333;2.913;283;41;35;27;43;145;46;74;56
5;6;7;Beuckert, Michael;12;7;4.164;815;79;63;50;87;3.349;147;43;52;70;108;51;65
5;6;8;Salzbrunn, Anton;14;8;4.094;591;35;45;28;39;22;13;288;3.503;53;22;32;14
5;6;9;Wiedmann, René;16;9;3.482;431;53;89;25;47;22;13;33;27;69;27;3.051;26
5;6;10;Rettlinger, Heinz;24;10;3.174;489;39;44;35;36;76;2.685;17;29;42;65;49;57
5;6;11;Förster, Henry;18;11;3.009;96;10;5;5;6;10;5;27;5;14;2.913;6;3
5;6;12;Trenkner, Sibylle;7;12;2.519;2.519;227;160;97;143;756;337;104;102;163;189;138;103
5;6;13;Schwarz, Tino;22;13;2.194;195;21;17;19;21;7;42;11;13;18;10;16;1.999
5;6;14;Weinberg, Harald;10;14;2.002;2.002;160;142;88;110;780;199;42;72;145;111;84;69
5;6;15;Müller, Heidi;19;15;1.565;1.565;116;105;94;153;120;162;118;94;175;242;120;66
5;6;16;Greim, Mechthild;11;16;1.332;1.332;262;184;133;219;54;42;52;67;147;50;72;50
5;6;17;Schönweiß, Ulrich;20;17;1.219;1.219;150;102;64;116;38;28;35;56;475;57;64;34
5;6;18;Mayer, Anna;23;18;1.194;1.194;211;138;99;163;57;53;53;96;141;40;77;66
5;6;19;Lüdemann, Angelika;5;19;914;914;173;124;89;146;30;33;38;36;93;32;81;39
5;6;20;Heike, Anny;13;20;804;804;31;19;21;37;22;23;29;15;500;63;31;13
5;6;21;Feldmann, Christiane;9;21;591;591;25;29;176;38;24;22;14;6;36;10;28;183
5;6;22;Krapf, Christa;21;22;519;519;88;82;69;72;16;16;15;29;67;12;30;23
5;6;23;Vigilante Raffa, Tamara;17;23;358;358;30;18;9;23;150;41;14;12;16;19;15;11
5;6;24;Pirner, Giesberta;15;24;327;327;46;43;28;59;11;16;11;18;28;13;35;19
5;7;1;Brendecke, Michael;2;1;1.232;619;18;15;40;22;152;43;32;22;185;613;41;49
5;7;2;Rinke, Klaus-Peter;1;2;1.192;680;23;38;37;24;512;151;52;43;61;93;77;81
5;7;3;Mauderer, Josef;3;3;1.003;249;3;9;31;11;26;70;14;12;10;32;31;754
5;7;4;Weigl, Michaela;9;4;783;146;5;7;4;14;20;637;11;6;10;20;24;25
5;7;5;Kral, Manfred;5;5;779;273;10;13;10;15;37;25;506;13;8;77;34;31
5;7;6;Hoff, Peter;7;6;700;350;32;39;350;61;35;17;20;14;19;39;33;41
5;7;7;Bock, Irmtraud;4;7;650;373;25;25;51;277;29;52;22;11;25;53;35;45
5;7;8;Häring, Martin;11;8;492;46;3;5;2;5;8;5;1;1;4;7;446;5
5;7;9;Brendecke, Fatimah;8;9;470;77;5;6;4;7;5;3;4;3;393;35;1;4
5;7;10;Braungardt, Werner;6;10;428;216;212;6;10;10;15;15;66;3;5;24;9;53
5;7;11;Bogacki, Rafael;10;11;355;128;3;5;4;3;9;7;54;227;11;21;8;3
5;7;12;Peppenauer, Jonas;12;12;325;325;12;16;18;16;44;67;18;16;17;25;25;51
5;8;1;Osterlänger, Jürgen;1;1;3.868;2.583;220;234;129;105;319;278;225;448;200;1.285;220;205
5;8;2;Höppel, Frank;2;2;2.459;849;55;72;24;24;44;35;164;1.610;57;292;48;34
5;8;3;Brendle-Behnisch, Günther;3;3;1.960;509;31;36;24;21;1.451;103;28;65;41;72;28;60
5;8;4;Wolkersdorfer, Roland;8;4;1.869;1.028;72;97;212;65;95;67;42;130;77;98;73;841
5;8;5;Ebert, Reinhard;10;5;1.452;44;3;4;4;5;6;1.408;0;5;6;1;2;8
5;8;6;Anschütz, Hans;6;6;1.290;405;36;44;885;51;14;72;13;35;22;36;11;71
5;8;7;Reinhart, Manfred;12;7;1.275;367;16;13;11;9;9;11;908;258;16;7;11;6
5;8;8;Rechholz, Christian;5;8;1.118;573;93;98;79;545;43;15;29;63;40;41;42;30
5;8;9;Stryz, Franz;9;9;1.068;220;848;29;25;24;12;10;9;34;26;15;21;15
5;8;10;Hager, Ludwig;13;10;935;91;30;844;10;10;3;2;3;7;9;3;6;8
5;8;11;Zankl, Claudia;14;11;847;847;118;108;61;59;39;55;47;93;70;47;77;73
5;8;12;Malowaniec, Dr. Krzysztof;7;12;833;158;22;19;33;29;5;8;7;7;675;12;7;9
5;8;13;Spiegel, Norbert;11;13;799;46;3;3;1;3;3;5;8;11;3;2;753;4
5;8;14;Sichermann, Paul;22;14;685;685;20;15;11;15;422;112;6;11;14;29;12;18
5;8;15;Hetzel, Maria;4;15;497;497;13;13;11;6;289;48;7;35;12;32;14;17
5;8;16;Scherer, Simon;15;16;462;462;4;7;6;5;15;379;8;10;5;5;5;13
5;8;17;Schrollinger, Thomas;16;17;455;455;59;61;97;35;32;28;13;15;25;19;27;44
5;8;18;Stadelmann, Christian;21;18;339;339;17;18;6;19;13;16;28;136;15;20;37;14
5;8;19;Maibom, Johannes;17;19;299;299;8;4;4;2;5;6;12;17;12;221;3;5
5;8;20;Grahn, Leif;19;20;193;193;11;6;11;11;8;10;40;57;11;8;7;13
5;8;21;Klein, Martin;18;21;138;138;2;3;2;0;90;21;1;1;3;6;3;6
5;8;22;May, Daniela;20;22;135;135;6;3;6;3;7;2;4;6;4;88;2;4
5;8;23;Ullmann, Christian;23;23;105;105;2;4;3;4;9;3;12;53;4;8;3;0
5;8;24;Ott, Heinrich;24;24;55;55;11;6;6;4;7;2;0;4;6;3;6;0
5;9;1;Windisch, Matthias;1;1;2.879;2.083;186;796;177;135;138;171;144;227;227;159;273;246
5;9;2;Betz, Florian;7;2;2.033;1.191;156;173;94;842;73;58;48;116;202;93;108;70
5;9;3;Vogel, Hilmar;6;3;1.762;691;77;78;42;93;51;39;39;67;1.071;102;65;38
5;9;4;Purzner, Jürgen;3;4;1.491;672;61;89;27;53;38;41;123;819;77;77;58;28
5;9;5;Wanger, Markus;2;5;1.392;533;26;166;17;28;96;859;16;35;52;32;29;36
5;9;6;Warsinke, Stefan;5;6;1.259;570;68;76;40;105;33;31;13;73;61;689;41;29
5;9;7;Ceglar, Michael;8;7;1.255;353;28;51;24;50;29;18;22;53;40;19;902;19
5;9;8;Reitmaier, Peter;11;8;1.019;393;17;14;12;15;626;224;13;13;23;16;25;21
5;9;9;Turnwald-Kurtz, Erich;10;9;927;312;33;44;615;87;12;14;8;27;26;16;34;11
5;9;10;Rank, Wolfgang;4;10;836;317;26;19;28;16;32;39;29;23;37;17;51;519
5;9;11;Körber, Hayo;12;11;789;108;681;12;10;21;4;7;9;9;11;12;10;3
5;9;12;Radojevic, Daniel;9;12;669;122;7;10;9;17;7;11;547;19;11;14;8;9
5;10;1;Gattenlöhner, Robert;1;1;2.520;1.589;92;108;161;100;254;184;133;66;129;207;155;931
5;10;2;Wagner, Klaus;8;2;1.894;489;26;12;39;21;1.405;149;19;16;40;119;22;26
5;10;3;Brandl, Andreas;2;3;1.677;424;32;98;20;26;42;29;28;22;19;20;1.253;88
5;10;4;Trutz, Paul;22;4;1.577;513;83;52;1.064;85;62;31;31;16;51;40;28;34
5;10;5;Bartlitz, Dr. David;4;5;1.564;874;690;96;134;141;89;35;58;29;87;79;71;55
5;10;6;Kistler, Karola;7;6;1.321;223;22;18;14;23;50;16;34;8;11;1.098;18;9
5;10;7;Ackermann, Carola;9;7;1.287;278;14;14;12;24;37;31;1.009;40;16;30;29;31
5;10;8;Wagner, Martin;10;8;1.130;180;7;8;16;25;34;17;7;5;950;44;10;7
5;10;9;Reinwald, Ulrich;5;9;1.124;367;87;42;76;757;33;18;19;9;34;18;21;10
5;10;10;Bloos, Werner;24;10;1.109;134;6;4;9;6;40;975;36;6;5;10;6;6
5;10;11;Turinsky, Bianka;3;11;890;229;16;661;27;13;12;8;6;13;16;17;85;16
5;10;12;Gattenlöhner, Elke;6;12;674;674;19;24;43;27;46;49;19;12;34;33;18;350
5;10;13;Sommerkorn, Klaus;11;13;650;161;8;5;12;4;20;11;41;489;29;13;15;3
5;10;14;Haas, Edeltraud;15;14;363;363;17;69;47;16;36;28;23;7;35;30;34;21
5;10;15;Zagel, Ralph;21;15;352;352;2;17;5;3;6;4;9;1;7;3;291;4
5;10;16;Hirsch, Harald;12;16;241;241;9;4;11;13;12;8;40;103;13;15;7;6
5;10;17;Raber, Regina;17;17;209;209;2;4;8;5;24;10;17;4;95;22;11;7
5;10;18;Dorsch, Marco;23;18;206;206;1;2;6;1;20;95;4;1;4;66;1;5
5;10;19;Zehner, Roland;16;19;182;182;3;4;0;3;15;5;115;8;4;18;4;3
5;10;20;Grupe, Christian;14;20;161;161;4;0;4;2;12;3;21;78;12;16;7;2
5;10;21;Nikol, Olga;13;21;154;154;10;55;8;7;6;2;6;2;15;15;23;5
5;10;22;Gsänger, Franz;18;22;140;140;3;6;9;3;8;5;4;0;6;2;9;85
5;10;23;Hasenest, Werner;20;23;132;132;6;3;3;3;1;8;7;1;4;4;92;0
5;10;24;Pudalik, Roland;19;24;110;110;3;60;8;1;6;5;2;3;6;1;10;5
5;11;1;Swoboda, Raimund;1;1;46.214;37.453;2.640;2.774;3.175;2.756;4.699;3.799;2.880;2.356;4.737;8.761;4.011;3.626
5;11;2;Müller, Dr. Ralph;2;2;20.554;12.121;744;1.168;1.013;839;948;710;532;472;922;3.647;8.433;1.126
5;11;3;Mang, Ferdinand;4;3;14.906;7.557;451;434;657;515;801;883;371;377;884;929;1.255;7.349
5;11;4;Meier, Johannes;6;4;12.725;4.156;91;124;173;132;8.569;1.886;165;87;316;630;218;334
5;11;5;Pleyer, Claus-Georg;3;5;12.115;2.660;138;167;165;190;253;130;113;122;9.455;964;252;166
5;11;6;Dörner, Dr. Wolfgang Marc;9;6;11.113;5.160;5.953;682;769;935;316;207;155;184;641;218;730;323
5;11;7;Vogler, Matthias;10;7;10.468;3.784;762;507;615;6.684;205;99;95;103;526;209;405;258
5;11;8;Lang, Siegfried;7;8;9.842;1.377;34;50;50;54;252;8.465;59;40;73;242;102;421
5;11;9;Konrad, Peter;11;9;8.771;1.162;60;80;7.609;85;237;99;54;59;104;214;85;85
5;11;10;Wahner, Klaus;12;10;8.498;2.940;358;5.558;414;506;195;153;103;105;409;167;325;205
5;11;11;Meister, Michael;8;11;8.345;1.642;56;62;68;69;141;74;6.703;453;186;339;92;102
5;11;12;Jentzsch, René;5;12;7.834;3.606;73;60;96;76;224;134;1.786;4.228;148;770;116;123
5;13;1;Deutschmann, Christine;1;1;939;696;243;78;38;46;56;65;46;42;54;63;171;37
5;13;2;Philipp, Susanne;2;2;734;383;92;24;31;12;26;45;20;26;35;32;351;40
5;13;3;Bullmer, Andrea;4;3;365;119;32;246;5;14;7;5;6;12;20;5;7;6
5;13;4;Turetschek, Herbert;3;4;334;146;24;22;7;18;14;11;12;188;6;13;14;5
5;13;5;Ackermann, Renate;21;5;221;221;7;6;4;3;97;42;8;6;9;19;16;4
5;13;6;Wohlgemuth, Wolfgang;5;6;148;148;16;18;4;7;4;10;15;38;14;5;13;4
5;13;7;Weberpals, Dieter;8;7;109;109;13;5;4;12;6;2;7;11;11;7;24;7
5;13;8;Wolfram, Ute;6;8;107;107;16;9;18;3;11;12;1;7;9;8;6;7
5;13;9;Schößwender, Martina;10;9;91;91;6;10;2;7;9;7;2;2;6;4;31;5
5;13;10;Philipp, Larissa-Katharina;14;10;86;86;10;3;7;2;3;13;7;4;6;8;11;12
5;13;11;Keller, Helmut;11;11;83;83;11;10;7;9;3;4;1;10;9;7;6;6
5;13;12;Schnack, Arwen;12;12;65;65;17;8;2;11;1;2;4;2;7;4;5;2
5;13;13;Wohlgemuth, Carina;18;13;53;53;8;8;3;2;4;4;6;4;6;2;3;3
5;13;14;Lengenfelder, Rainer;9;14;49;49;5;7;14;6;2;0;2;4;4;2;3;0
5;13;15;Wohlgemuth, Melina;16;15;40;40;7;3;2;1;3;1;5;15;1;1;0;1
5;13;16;Flohr, Dieter;7;16;39;39;0;2;0;1;1;3;0;0;9;21;1;1
5;13;17;Deutschmann, Tobias;20;17;37;37;1;3;1;3;3;3;3;1;2;2;12;3
5;13;18;Nißlbeck, Wolfgang;13;18;28;28;6;2;1;2;2;2;0;1;2;1;5;4
5;13;19;Meier, David;15;19;22;22;2;5;0;3;0;5;1;1;2;1;1;1
5;13;20;Kindler, Manfred;17;20;21;21;0;1;5;0;0;4;1;1;0;2;2;5
5;13;21;Philipp, Karlheinz;19;21;16;16;0;1;1;2;0;1;1;0;0;0;2;8
5;15;1;Volkert, Patrick;1;1;2.693;2.109;206;216;146;184;198;203;159;178;208;205;206;584
5;15;2;Dörrie, Dr. Jan;5;2;1.438;1.438;184;146;85;134;94;80;79;100;188;118;140;90
5;15;3;Knapp, Jörg;9;3;1.196;475;721;72;53;70;32;30;36;28;50;39;35;30
5;15;4;Roser, Julian;2;4;761;761;53;51;57;43;51;52;37;49;71;49;62;186
5;15;5;Kristuf, Rainer;7;5;659;659;76;60;31;44;44;30;37;35;182;50;30;40
5;15;6;Neidnicht, Josefine;6;6;647;647;102;52;40;58;43;33;46;58;66;65;52;32
5;15;7;Pleick, Yannik;3;7;447;447;35;31;18;37;24;23;22;19;25;19;28;166
5;15;8;Hubatsch, Leon;8;8;291;291;20;16;17;12;22;23;25;18;43;68;19;8
5;15;9;Schelte, Simon;4;9;223;223;16;14;16;21;16;14;8;14;13;17;16;58
5;16;1;Beyerlein, Andrea;1;1;628;384;20;26;38;27;48;56;17;26;42;40;44;244
5;16;2;Preis, Alexander;3;2;547;547;32;42;35;26;38;25;51;61;59;54;41;83
5;16;3;Asbeck, Stefan;2;3;180;180;18;19;4;12;11;14;13;4;17;11;14;43
5;18;1;Streck, Markus;1;1;954;670;64;59;76;43;43;52;47;49;60;72;105;284
5;18;2;Maurer, Michaela;10;2;770;494;64;54;276;51;52;33;26;20;60;44;51;39
5;18;3;Dischner, Doris;8;3;727;306;35;40;25;30;21;31;14;17;39;34;421;20
5;18;4;Michalko, Simone;3;4;627;323;46;304;26;23;30;27;20;32;42;29;22;26
5;18;5;Erler, Marie Alin;9;5;510;139;12;14;11;7;16;13;7;11;371;26;10;12
5;18;6;Näser, Melanie;6;6;489;201;23;32;23;288;18;15;3;16;22;19;16;14
5;18;7;Moshammer, Daniel;2;7;470;130;15;6;5;8;17;340;3;4;14;5;6;47
5;18;8;Garratt, Daniel;5;8;456;195;261;37;15;22;12;9;8;15;26;16;22;13
5;18;9;Fischer, Michaela;7;9;414;88;12;5;11;4;7;3;7;3;17;326;10;9
5;18;10;Sibai, Amina;4;10;360;93;8;10;3;4;267;28;4;3;8;15;6;4
