NR,JAHR,NAME,STIMMBERECHTIGTE,WAHLKREIS
101,2018,München-Hadern,100904,1
102,2018,München-Bogenhausen,85705,1
103,2018,München-Giesing,123505,1
104,2018,München-Milbertshofen,109111,1
105,2018,München-Moosach,96621,1
106,2018,München-Pasing,109149,1
107,2018,München-Ramersdorf,104497,1
108,2018,München-Schwabing,92199,1
109,2018,München-Mitte,88768,1
110,2018,Altötting,82670,1
111,2018,"Bad Tölz-Wolfratshausen, Garmisch-Partenkirchen",125118,1
112,2018,Berchtesgadener Land,94568,1
113,2018,Dachau,104705,1
114,2018,Ebersberg,99240,1
115,2018,Eichstätt,97666,1
116,2018,Erding,99451,1
117,2018,Freising,120712,1
118,2018,Fürstenfeldbruck-Ost,117454,1
119,2018,Ingolstadt,90643,1
120,2018,"Landsberg am Lech, Fürstenfeldbruck-West",126089,1
121,2018,Miesbach,86937,1
122,2018,Mühldorf a.Inn,85378,1
123,2018,München-Land-Nord,119173,1
124,2018,München-Land-Süd,114700,1
125,2018,Neuburg-Schrobenhausen,81620,1
126,2018,Pfaffenhofen a.d.Ilm,82997,1
127,2018,Rosenheim-Ost,111367,1
128,2018,Rosenheim-West,109541,1
129,2018,Starnberg,102085,1
130,2018,Traunstein,113089,1
131,2018,Weilheim-Schongau,128047,1
201,2018,Deggendorf,91726,2
202,2018,Dingolfing,112960,2
203,2018,Kelheim,88212,2
204,2018,Landshut,125467,2
205,2018,Passau-Ost,118007,2
206,2018,Passau-West,91205,2
207,2018,"Regen, Freyung-Grafenau",104474,2
208,2018,Rottal-Inn,91910,2
209,2018,Straubing,111564,2
301,2018,Amberg-Sulzbach,114215,3
302,2018,Cham,101900,3
303,2018,Neumarkt i.d.OPf.,101202,3
304,2018,Regensburg-Land,125113,3
305,2018,Regensburg-Stadt,127155,3
306,2018,Schwandorf,114338,3
307,2018,Tirschenreuth,82056,3
308,2018,Weiden i.d.OPf.,85387,3
401,2018,Bamberg-Land,85174,4
402,2018,Bamberg-Stadt,86057,4
403,2018,Bayreuth,129423,4
404,2018,Coburg,101197,4
405,2018,Forchheim,90087,4
406,2018,Hof,109952,4
407,2018,"Kronach, Lichtenfels",108950,4
408,2018,"Wunsiedel, Kulmbach",128258,4
501,2018,Nürnberg-Nord,102676,5
502,2018,Nürnberg-Ost,97418,5
503,2018,Nürnberg-Süd,98241,5
504,2018,Nürnberg-West,92726,5
505,2018,Ansbach-Nord,116901,5
506,2018,"Ansbach-Süd, Weißenburg-Gunzenhausen",125838,5
507,2018,Erlangen-Höchstadt,93197,5
508,2018,Erlangen-Stadt,86334,5
509,2018,Fürth,130725,5
510,2018,"Neustadt a.d.Aisch-Bad Windsheim, Fürth-Land",124520,5
511,2018,Nürnberger Land,108649,5
512,2018,Roth,97763,5
601,2018,Aschaffenburg-Ost,88618,6
602,2018,Aschaffenburg-West,93388,6
603,2018,Bad Kissingen,98551,6
604,2018,"Haßberge, Rhön-Grabfeld",116347,6
605,2018,Kitzingen,86670,6
606,2018,Main-Spessart,99733,6
607,2018,Miltenberg,95271,6
608,2018,Schweinfurt,111113,6
609,2018,Würzburg-Land,117914,6
610,2018,Würzburg-Stadt,106343,6
701,2018,Augsburg-Stadt-Ost,110590,7
702,2018,Augsburg-Stadt-West,109809,7
703,2018,Aichach-Friedberg,100366,7
704,2018,"Augsburg-Land, Dillingen",111143,7
705,2018,Augsburg-Land-Süd,116723,7
706,2018,Donau-Ries,100078,7
707,2018,Günzburg,89710,7
708,2018,Kaufbeuren,92177,7
709,2018,"Kempten, Oberallgäu",107094,7
710,2018,"Lindau, Sonthofen",118752,7
711,2018,Marktoberdorf,96031,7
712,2018,Memmingen,95794,7
713,2018,Neu-Ulm,112527,7
101,2013,München-Hadern,105194,1
102,2013,München-Bogenhausen,118543,1
103,2013,München-Giesing,130619,1
104,2013,München-Milbertshofen,127892,1
105,2013,München-Moosach,98696,1
106,2013,München-Pasing,108620,1
107,2013,München-Ramersdorf,102876,1
108,2013,München-Schwabing,117201,1
109,2013,Altötting,82685,1
110,2013,"Bad Tölz-Wolfratshausen,Garmisch-Partenkirchen",124901,1
111,2013,Berchtesgadener Land,93976,1
112,2013,Dachau,101502,1
113,2013,Ebersberg,96011,1
114,2013,Eichstätt,95753,1
115,2013,Erding,95688,1
116,2013,Freising,118867,1
117,2013,Fürstenfeldbruck-Ost,117378,1
118,2013,Ingolstadt,89885,1
119,2013,"Landsberg am Lech, Fürstenfeldbruck-West",123048,1
120,2013,Miesbach,85725,1
121,2013,Mühldorf a.Inn,84158,1
122,2013,München-Land-Nord,118944,1
123,2013,München-Land-Süd,113285,1
124,2013,Neuburg-Schrobenhausen,80148,1
125,2013,Pfaffenhofen a.d.Ilm,80762,1
126,2013,Rosenheim-Ost,109745,1
127,2013,Rosenheim-West,106979,1
128,2013,Starnberg,101390,1
129,2013,Traunstein,112260,1
130,2013,Weilheim-Schongau,125501,1
201,2013,Deggendorf,91256,2
202,2013,Dingolfing,112148,2
203,2013,Kelheim,86919,2
204,2013,Landshut,122995,2
205,2013,Passau-Ost,117034,2
206,2013,Passau-West,90405,2
207,2013,"Regen, Freyung-Grafenau",105059,2
208,2013,Rottal-Inn,91833,2
209,2013,Straubing,111832,2
301,2013,Amberg-Sulzbach,115660,3
302,2013,Cham,101939,3
303,2013,Neumarkt i.d.OPf.,99154,3
304,2013,Regensburg-Land,123843,3
305,2013,Regensburg-Stadt,124273,3
306,2013,Schwandorf,114203,3
307,2013,Tirschenreuth,83876,3
308,2013,Weiden i.d.OPf.,86253,3
401,2013,Bamberg-Land,84559,4
402,2013,Bamberg-Stadt,85020,4
403,2013,Bayreuth,130319,4
404,2013,Coburg,102861,4
405,2013,Forchheim,89379,4
406,2013,Hof,113609,4
407,2013,"Kronach, Lichtenfels",111581,4
408,2013,"Wunsiedel, Kulmbach",132486,4
501,2013,Nürnberg-Nord,103209,5
502,2013,Nürnberg-Ost,97379,5
503,2013,Nürnberg-Süd,100406,5
504,2013,Nürnberg-West,96331,5
505,2013,Ansbach-Nord,117153,5
506,2013,"Ansbach-Süd, Weißenburg-Gunzenhausen",125939,5
507,2013,Erlangen-Höchstadt,92395,5
508,2013,Erlangen-Stadt,86277,5
509,2013,Fürth,129604,5
510,2013,"Neustadt a.d.Aisch-Bad Windsheim, Fürth-Land",123374,5
511,2013,Nürnberger Land,108662,5
512,2013,Roth,96870,5
601,2013,Aschaffenburg-Ost,89469,6
602,2013,Aschaffenburg-West,93873,6
603,2013,Bad Kissingen,100067,6
604,2013,"Haßberge, Rhön-Grabfeld",117450,6
605,2013,Kitzingen,86769,6
606,2013,Main-Spessart,101066,6
607,2013,Miltenberg,96113,6
608,2013,Schweinfurt,113032,6
609,2013,Würzburg-Land,117350,6
610,2013,Würzburg-Stadt,108061,6
701,2013,Augsburg-Stadt-Ost,110390,7
702,2013,Augsburg-Stadt-West,108033,7
703,2013,Aichach-Friedberg,98354,7
704,2013,"Augsburg-Land, Dillingen",109583,7
705,2013,Augsburg-Land-Süd,114878,7
706,2013,Donau-Ries,99699,7
707,2013,Günzburg,89048,7
708,2013,Kaufbeuren,91194,7
709,2013,"Kempten, Oberallgäu",105009,7
710,2013,"Lindau, Sonthofen",118271,7
711,2013,Marktoberdorf,93966,7
712,2013,Memmingen,94286,7
713,2013,Neu-Ulm,111725,7
