WahlkreisId;ParteiId;KandidatId;KandidatName;KandidatVorname;StimmzettelReihenfolge;PlatzNummer;Gesamtstimmen;Zweitstimmen;101;102;103;104;105;106;107;108;109;110;111;112;113;114;115;116;117;118;119;120;121;122;123;124;125;126;127;128;129;130;131
1;1;1;Aigner;Ilse;1;1;468019;437722;9993;8416;10738;8169;9131;13059;11551;7681;5.044;10.521;28.025;16.884;17.127;15.653;15.855;15.081;15.908;19.243;10.034;17.234;30.297;12.976;17.484;20.148;13.374;11.939;18.972;20.445;16.651;17.242;23.144
1;1;2;Huber;Dr. Marcel;2;2;76722;47617;693;669;658;504;601;889;714;542;331;9.372;1.611;2.175;1.031;1.975;858;1.624;1.352;1.080;604;1.176;7.412;29.105;1.097;1.000;913;820;1.527;1.950;801;2.269;1.369
1;1;3;Schmid;Josef;13;3;48639;23737;2075;1456;1864;1441;2035;24902;1980;1139;1.053;136;506;137;984;596;150;339;510;1.234;167;482;697;116;1.469;1.256;173;237;158;178;564;169;436
1;1;4;Herrmann;Dr. Florian;7;4;41277;16291;494;481;566;409;422;611;614;461;216;223;664;544;616;458;379;711;24.986;715;341;625;914;413;1.050;870;368;692;384;329;553;505;663
1;1;5;Kaniber;Michaela;6;5;38623;10069;114;84;91;104;91;144;81;69;58;692;339;28.554;260;200;313;205;359;155;103;245;682;439;151;148;219;305;468;320;132;3.060;438
1;1;6;Kühn;Harald;33;6;38370;3330;26;11;28;17;13;23;19;19;14;13;2.544;19;23;7;12;16;17;24;17;126;51;8;30;19;10;15;14;15;167;13;35.040
1;1;7;Spaenle;Dr. Ludwig;3;7;38267;24178;1152;1216;1289;1396;1077;1562;1241;14089;701;244;628;363;830;605;435;532;899;883;449;828;1.510;556;1.288;968;456;438;365;351;643;473;800
1;1;8;Schorer-Dremel;Tanja;19;8;37651;5443;124;98;128;134;120;190;163;99;96;79;133;145;171;116;32.208;159;200;227;683;209;133;83;211;173;636;279;123;108;90;113;220
1;1;9;Bachhuber;Martin;21;9;37614;2475;27;15;30;20;27;29;23;18;13;16;35.139;22;20;30;28;19;24;46;22;46;490;23;48;85;54;22;18;12;126;25;1.097
1;1;10;Dorow;Alex;23;10;36407;2322;31;27;64;39;31;36;25;40;29;22;42;26;38;31;32;21;36;711;33;34.085;46;22;50;42;25;18;17;18;125;28;617
1;1;11;Schreyer;Kerstin;4;11;35759;6195;147;128;251;189;153;191;317;128;122;105;220;162;187;195;111;181;222;203;124;202;665;140;902;29.564;107;126;102;111;160;122;222
1;1;12;Lederer;Otto;34;12;34463;3711;51;38;59;32;31;64;49;30;32;38;59;73;46;371;40;53;136;65;30;61;898;75;80;70;26;32;943;30.752;39;120;70
1;1;13;Blume;Markus;10;13;34063;12129;570;904;649;385;426;680;21934;439;335;162;334;209;302;403;199;189;391;547;198;373;569;267;940;961;146;149;204;195;390;220;393
1;1;14;Scharf;Ulrike;11;14;32806;3768;47;74;50;78;65;80;74;56;37;70;127;84;76;298;114;29.038;823;184;54;97;213;234;146;100;104;106;55;56;81;60;125
1;1;15;Steiner;Klaus;44;15;31474;1761;11;11;11;16;15;12;19;10;9;49;11;911;14;13;23;13;14;23;15;19;33;18;21;18;6;20;324;75;6;29.713;21
1;1;16;Stöttner;Klaus;45;16;31171;2152;16;22;15;17;19;13;16;28;7;5;9;51;7;31;9;15;15;14;27;16;188;34;30;27;8;18;29.019;1.222;7;250;16
1;1;17;Miskowitsch;Benjamin;36;17;30904;1531;8;12;7;12;8;28;6;14;6;2;19;8;85;2;3;10;7;29.373;1;1.186;7;2;8;10;6;13;4;2;28;2;25
1;1;18;Grob;Alfred;26;18;30580;9846;107;82;103;95;86;121;114;87;65;53;114;95;141;74;3.705;104;200;176;20.734;136;103;48;167;148;1.850;1.491;55;72;95;56;103
1;1;19;Weidenbusch;Ernst;14;19;30166;1964;49;61;40;40;40;51;196;59;24;20;42;26;51;317;32;31;62;53;20;36;66;50;28.202;378;20;27;36;29;41;31;36
1;1;20;Huber;Thomas;31;20;29819;1438;29;27;29;25;21;39;54;19;25;54;36;22;14;28.381;25;132;37;52;22;30;48;94;113;62;22;21;40;219;31;32;64
1;1;21;Huber;Dr. Martin;30;21;28817;5232;34;26;19;27;20;20;26;26;25;23.585;37;118;34;126;41;46;34;46;24;29;29;4.000;33;34;27;26;46;47;12;180;40
1;1;22;Seidenath;Bernhard;43;22;28439;827;9;10;11;18;20;33;10;18;8;4;10;7;27.612;9;17;3;233;34;20;16;10;4;219;16;16;28;8;6;13;6;11
1;1;23;Eisenreich;Georg;8;23;26824;6103;20721;196;841;174;249;796;270;310;263;47;137;92;149;117;71;88;143;259;65;178;167;69;290;460;59;60;60;68;252;65;108
1;1;24;Eiling-Hütig;Dr. Ute;24;24;26032;1086;42;24;36;34;23;32;37;22;38;14;54;20;35;28;25;22;29;66;26;67;31;15;49;76;26;24;24;16;24.946;22;129
1;1;25;Straub;Karl;46;25;25307;3795;45;32;43;46;44;71;51;33;21;46;60;55;93;64;268;79;722;71;268;82;64;40;82;55;1.073;21.512;35;57;38;72;85
1;1;26;Enghuber;Matthias;25;26;22121;1829;41;24;25;37;25;38;23;23;18;21;39;23;35;30;558;23;45;30;284;55;40;24;43;27;20.292;163;23;24;24;28;36
1;1;27;Lorenz;Andreas;35;27;22076;1842;131;283;20234;71;90;129;145;73;52;20;52;16;37;98;10;68;29;57;14;37;36;15;89;106;18;18;16;25;36;28;43
1;1;28;Wittmann;Mechthilde;15;28;20832;3323;171;117;136;303;17509;385;161;142;97;37;77;59;122;84;74;65;95;148;103;79;101;51;175;154;53;44;48;45;75;69;53
1;1;29;Theiss;Dr. Hans;20;29;20472;9940;877;487;608;427;448;828;535;546;10.532;137;232;167;242;238;148;196;285;393;189;339;311;130;451;452;123;132;168;136;275;151;289
1;1;30;Brannekämper;Robert;22;30;20271;2335;114;17936;348;83;96;157;268;102;91;28;43;22;42;68;32;55;61;60;26;53;82;39;155;114;16;21;25;22;42;25;45
1;1;31;Pickert;Tina;39;31;18817;2689;118;115;144;16128;301;197;147;290;86;31;38;31;76;75;48;31;56;105;34;64;55;66;164;111;25;44;22;27;88;36;64
1;1;32;Goppel;Dr. Thomas;12;32;15766;15766;410;254;314;212;260;426;306;279;159;114;322;267;238;189;154;184;335;1.058;104;6.792;586;230;348;599;137;122;147;126;456;153;485
1;1;33;Fröschl;Markus;16;33;15566;15566;106;75;109;60;72;152;111;74;51;984;198;3.189;122;203;214;279;216;163;93;210;209;598;165;153;174;198;328;211;126;6.428;295
1;1;34;Kiechle;Dr. Marion;5;34;14560;14560;602;663;784;617;837;909;914;714;410;148;369;219;410;341;198;249;438;582;221;432;841;196;738;770;194;196;237;223;434;248;426
1;1;35;Artmann;Daniel;9;35;14503;14503;56;68;56;67;51;65;55;67;87;70;135;313;81;265;65;75;107;96;50;98;1.062;159;130;119;51;46;5.389;4.834;81;586;119
1;1;36;Schreder;Thomas;18;36;10586;10586;87;49;77;65;53;95;93;64;54;92;153;146;144;378;129;6.212;750;164;98;134;123;156;252;110;98;75;150;160;134;118;173
1;1;37;Scheitz;Georg;41;37;10466;10466;195;151;224;168;168;255;159;162;124;129;440;232;277;192;226;202;237;567;131;1.002;320;165;265;367;198;152;162;168;2.094;184;1.150
1;1;38;Kittenrainer;Georg;32;38;10073;10073;80;100;132;114;91;167;106;80;72;142;448;290;154;139;146;167;149;186;73;182;5.105;114;144;212;113;110;247;368;135;229;278
1;1;39;Haas;August;27;39;9762;9762;76;67;60;67;127;188;76;48;35;107;116;148;4.767;137;210;176;337;753;83;393;133;175;226;88;342;242;99;99;98;68;221
1;1;40;Moser;Christian;37;40;8504;8504;11;18;17;16;12;28;13;21;12;19;28;30;132;24;86;28;331;51;78;34;25;15;48;21;2.851;4.432;26;26;27;13;31
1;1;41;Schwaiger;Johann;17;41;8362;8362;112;88;120;84;99;199;135;72;70;88;207;155;198;3.540;105;276;275;249;87;177;309;136;302;212;124;111;112;230;113;152;225
1;1;42;Schickel;Dr. Matthias;42;42;7804;7804;9;15;16;19;15;26;15;12;14;13;24;19;28;18;1.317;18;27;31;4.890;24;15;16;29;14;622;465;10;12;25;15;31
1;1;43;Heimisch;Alexander;29;43;7700;7700;16;8;13;13;6;14;13;16;8;8;18;14;13;13;6.426;10;17;28;529;22;15;50;16;17;229;96;10;6;29;14;13
1;1;44;Pollmann;Stephanie;40;44;6571;6571;35;35;53;56;34;77;40;27;33;1.227;56;66;62;45;55;89;57;74;39;85;67;3.747;77;50;36;45;74;59;42;54;75
1;1;45;Heese;Lutz;28;45;2233;2233;97;278;98;103;89;134;88;118;77;23;56;34;69;49;37;39;56;69;47;80;75;27;104;108;33;32;38;42;69;29;35
1;1;46;Picker;Rolf-Jürgen;38;46;1642;1642;11;12;18;36;17;16;12;14;7;8;151;15;8;13;8;5;11;86;10;77;27;9;23;49;6;6;10;4;775;22;176
1;2;1;Kohnen;Natascha;1;1;127592;116375;5043;4584;6529;6047;4440;5893;5825;4797;4.647;2.112;3.612;2.187;3.891;4.239;2.822;2.752;3.522;5.038;2.133;4.005;2.720;1.401;6.597;11.217;1.766;2.239;2.839;2.984;4.010;3.383;4.318
1;2;2;Rinderspacher;Markus;2;2;28791;18694;773;935;1036;895;788;954;10097;618;550;276;399;270;482;619;341;321;460;634;261;466;336;167;921;3.650;197;304;284;405;440;346;566
1;2;3;Rauscher;Doris;3;3;18720;9185;320;236;359;366;377;332;377;270;239;201;225;178;343;9.535;157;730;263;354;166;269;175;202;462;743;139;159;249;476;166;305;347
1;2;4;Ritter;Florian;4;4;14633;4539;337;140;382;370;384;10094;425;269;237;47;81;43;155;127;32;49;103;231;51;108;58;34;162;259;42;57;63;43;83;69;98
1;2;5;Brunn von;Florian;14;5;14126;2582;306;97;11544;168;137;171;187;99;174;26;161;15;64;70;15;44;43;69;15;50;46;9;97;238;14;37;34;36;67;31;62
1;2;6;Waldmann;Ruth;11;6;14012;3278;236;137;232;10734;397;216;215;398;189;22;40;16;99;76;26;52;54;94;34;62;33;17;147;179;24;34;33;47;58;35;76
1;2;7;Stachowitz;Diana;23;7;13402;3405;221;147;239;360;9997;295;188;214;161;32;42;27;136;169;71;52;84;123;44;69;38;25;153;162;37;47;42;35;62;41;89
1;2;8;Zacharias;Isabell;7;8;13210;4050;229;216;305;649;349;283;253;9160;317;28;62;25;105;85;29;48;148;80;28;52;40;18;148;270;15;27;33;43;75;35;55
1;2;9;Güll;Martin;6;9;12857;2646;114;71;120;146;112;138;123;96;105;36;49;94;10.211;94;43;41;150;146;55;95;33;28;123;104;88;195;41;38;48;38;82
1;2;10;Kern;Christiane;19;10;12221;5613;322;223;367;389;294;352;325;252;246;79;109;75;184;208;78;114;152;218;104;133;62;43;267;360;59;100;103;86;6.608;107;202
1;2;11;Ganssmüller-Maluche;Annette;13;11;12014;1571;37;48;52;53;47;43;39;57;50;11;28;11;47;63;10;46;112;37;33;28;15;3;10.443;552;8;20;22;16;39;11;33
1;2;12;Knoblauch;Günther;10;12;11944;6323;72;53;72;79;57;69;69;63;44;5.621;44;104;43;104;25;122;51;78;27;46;34;3.923;71;85;13;42;79;120;42;630;62
1;2;13;Falk;Peter;16;13;11045;2940;88;68;119;122;102;191;97;105;92;22;58;25;311;72;34;44;65;8.105;44;525;42;37;101;165;24;40;43;47;109;56;92
1;2;14;Wenngatz;Micky;17;14;10470;1004;9466;37;202;74;68;107;63;38;80;4;20;7;14;14;7;13;9;35;11;16;6;6;34;68;5;5;9;8;11;9;24
1;2;15;Winklmeier;Christian;18;15;10203;2847;56;34;58;45;31;53;25;45;38;18;22;11;28;23;10;15;25;787;13;7.356;9;6;31;59;6;14;14;9;1.301;18;43
1;2;16;Parzinger;Sepp;8;16;10031;3367;105;93;152;143;98;120;101;87;99;94;87;685;90;128;54;57;116;88;53;55;46;44;84;127;86;38;148;97;77;6.664;115
1;2;17;Malm;Dr. Mike;20;17;9138;1132;54;8006;59;80;68;53;119;59;84;13;26;13;38;24;16;19;26;35;20;38;10;7;55;52;12;26;17;23;36;19;31
1;2;18;Spaeth;Dr. Christoph;22;18;8935;3684;65;46;83;79;62;75;54;84;79;36;38;29;45;40;1.564;49;49;66;5.251;44;27;9;67;62;308;375;40;47;48;41;73
1;2;19;Ott;Dr. Michael;26;19;8822;1525;102;85;133;142;92;89;98;140;7.297;20;24;11;41;31;14;27;42;51;32;27;18;11;64;57;19;19;23;19;37;18;39
1;2;20;Burgmaier;Alexandra;9;20;8304;2456;64;33;74;63;44;67;71;62;43;26;45;53;50;69;28;41;39;47;21;30;147;24;54;102;22;15;921;5.848;35;109;57
1;2;21;De Lapuente;Christian;12;21;8147;2912;17;9;34;23;22;28;38;23;20;16;22;7;38;26;5.235;19;40;34;1.615;18;4;8;21;20;265;415;16;19;22;26;47
1;2;22;Streit;Dominik;27;22;7340;663;19;4;17;12;12;18;5;18;26;5;105;6;6;7;5;5;8;18;5;160;4;3;9;15;12;3;9;0;139;8;6.677
1;2;23;Käser;Markus;24;23;7079;1197;23;17;42;43;21;23;17;28;39;9;12;10;100;18;48;14;116;31;77;25;9;4;27;28;320;5.882;21;15;16;17;27
1;2;24;Aigner;Susanne;21;24;7051;2571;91;58;102;110;107;80;131;70;86;119;72;4.480;101;114;43;62;62;77;44;75;46;40;91;87;46;51;62;58;50;338;98
1;2;25;Eichinger;Gertrud;5;25;6909;1689;47;37;63;57;49;42;60;53;59;27;27;20;49;327;42;5.220;164;54;30;51;23;24;99;75;20;39;33;31;22;26;39
1;2;26;Maier;Kilian;30;26;6630;2889;38;30;60;47;42;41;46;44;39;1.735;19;86;41;31;29;26;47;50;28;69;17;3.741;54;48;8;25;35;26;28;59;41
1;2;27;Promann;Britta;25;27;6116;1197;9;7;13;7;6;3;8;8;1;25;20;65;11;63;10;10;6;15;4;7;63;16;3;23;7;9;4.919;619;5;126;28
1;2;28;Grill;Markus;31;28;5689;933;21;16;19;22;20;22;25;17;13;18;11;33;83;57;9;172;4.756;27;11;24;10;20;71;17;11;65;21;23;15;33;27
1;2;29;Schmidt-Völlmecke;Verena;15;29;5392;957;39;25;41;60;39;37;31;47;48;9;102;13;38;37;15;16;28;29;15;29;4.435;8;24;63;19;11;27;19;22;17;49
1;2;30;Kühn;Robert;29;30;5186;715;10;5;9;5;6;14;9;7;4;5;4.471;9;9;5;7;6;10;15;6;11;434;6;13;16;4;3;12;7;8;9;51
1;2;31;Fischer;Andreas;28;31;4368;1181;31;11;25;40;40;32;42;29;12;19;21;21;36;30;224;16;28;28;121;36;25;13;29;30;3.187;128;20;15;20;27;32
1;3;1;Streibl;Florian;1;1;73253;59960;1027;806;1690;934;1103;1251;1126;700;501;1.380;13.293;1.691;2.480;2.001;1.727;2.248;3.508;2.269;944;2.573;2.553;1.438;2.258;2.073;1.349;1.497;1.660;2.101;2.294;1.889;10.889
1;3;2;Piazolo;Dr. Michael;2;2;35582;27714;2013;1442;7868;1402;1313;1560;1811;1108;1.008;258;2.594;196;710;919;272;549;1.100;1.073;214;676;539;349;1.527;1.805;217;269;400;575;981;353;481
1;3;3;Zierer;Benno;4;3;31200;12001;160;137;246;168;221;199;166;113;103;267;505;278;1.024;454;313;1.982;19.199;403;99;339;408;445;854;294;410;723;315;394;230;354;397
1;3;4;Enders;Susann;9;4;26855;11915;268;206;382;245;269;275;261;155;160;270;1.417;239;402;410;433;384;557;607;200;758;411;303;504;397;379;255;316;396;756;300;14.940
1;3;5;Weigert;Roland;6;5;22164;5349;26;20;50;36;38;32;38;23;16;35;92;29;97;45;1.735;73;140;57;733;66;47;33;79;51;16.815;1.548;33;52;50;31;44
1;3;6;Kraus;Nikolaus;5;6;18653;7426;67;143;119;72;130;100;113;69;57;109;285;151;219;700;162;1.024;1.507;210;47;155;217;193;11.227;453;168;125;164;190;133;150;194
1;3;7;Gottstein;Eva;3;7;18447;8369;141;116;236;144;119;160;140;106;102;149;262;128;256;218;10.078;212;304;228;1.091;202;176;117;230;174;1.992;518;180;191;159;145;173
1;3;8;Friedl;Hans;12;8;17650;6364;64;46;69;58;64;115;57;46;27;121;291;187;259;314;201;193;423;11.286;47;1.000;168;203;187;167;235;114;257;247;620;144;440
1;3;9;Degenhart;Christine;18;9;15723;5981;42;42;80;55;58;56;56;51;47;81;98;122;61;188;45;60;69;49;32;44;523;164;89;100;40;35;3.279;9.742;68;271;76
1;3;10;Fischer;Mary;7;10;13410;3435;54;27;77;49;37;62;48;45;39;77;90;105;66;103;89;82;109;76;27;67;135;111;73;68;53;51;9.975;1.037;40;457;81
1;3;11;Ertl;Dr. Ilse;29;11;12576;5012;46;50;103;46;59;80;65;44;46;104;101;55;94;120;82;491;1.799;122;58;94;83;115;491;7.564;81;117;74;90;70;99;133
1;3;12;Purkhardt;Martina;11;12;12362;1271;24;16;41;48;40;44;37;19;15;26;39;19;11.091;34;35;22;78;91;14;212;23;24;61;36;48;52;26;30;47;18;52
1;3;13;Seissiger;Dr. Lothar;22;13;12298;2618;28;24;78;45;25;44;39;32;31;98;57;1.082;38;56;34;56;67;53;27;39;68;53;66;51;41;34;115;133;52;9.680;52
1;3;14;Mehringer;Rainer;15;14;12262;1731;12;17;21;18;20;15;12;16;12;34;30;8;37;287;33;10.531;597;28;14;29;36;118;137;19;29;23;24;45;20;21;19
1;3;15;Stockinger;Georg;21;15;11585;2331;11;12;25;12;11;28;12;12;15;10;38;16;102;18;12;16;26;1.704;5;9.254;16;8;20;35;12;9;13;14;81;12;26
1;3;16;Koller;Michael;14;16;10790;1687;20;14;36;30;26;27;26;23;18;87;70;9.103;36;51;54;35;65;52;16;31;59;56;30;35;30;36;94;78;23;474;55
1;3;17;Krichenbauer;Johann;8;17;10557;2598;27;25;34;28;26;37;35;24;13;7.959;90;283;62;63;35;54;55;57;17;31;49;739;60;56;25;27;68;93;47;390;48
1;3;18;Vilsmayer;Matthias;17;18;10495;1258;24;14;22;18;20;39;18;14;8;13;34;18;41;19;9;24;32;504;11;112;20;21;32;55;25;10;31;16;9.237;7;47
1;3;19;Gürtner;Albert;27;19;10145;2102;7;12;30;15;10;16;16;13;9;7;14;5;96;18;116;26;355;30;100;21;15;11;33;12;1.030;8.043;11;31;14;16;13
1;3;20;Schiller-Schulze;Ute;20;20;9058;6401;236;201;528;267;286;318;284;132;2.657;93;180;98;207;250;154;195;345;301;113;187;135;123;370;253;129;130;135;173;143;130;305
1;3;21;Hölscher;Gisela;19;21;9056;1626;22;19;32;17;24;20;21;16;16;14;756;25;31;32;14;48;53;27;15;26;7.430;26;50;72;26;22;32;59;20;16;75
1;3;22;Erhorn;Markus;25;22;8718;2269;6;6;15;7;16;21;4;5;2;7;8;3;1.888;6.449;8;12;47;49;3;14;5;6;48;6;18;32;6;7;9;3;8
1;3;23;Saller;Markus;28;23;8663;2574;18;17;33;17;25;12;24;8;15;1.546;31;48;23;57;15;113;41;36;10;18;38;6.089;32;25;21;22;39;119;15;136;20
1;3;24;Flauger;Petra;16;24;8352;4082;10;13;22;9;12;9;13;7;11;12;23;10;37;21;1.893;17;79;25;4.270;21;15;14;33;17;1.023;639;19;17;13;18;30
1;3;25;Edenhofer;Lilian;13;25;7332;2869;46;30;65;37;4463;34;33;45;21;16;1.210;27;46;50;39;47;47;60;41;50;52;37;62;65;30;26;36;48;74;32;463
1;3;26;Stahl;Felix;10;26;6664;2417;110;113;412;4247;151;183;151;103;62;30;57;26;71;54;25;32;83;78;13;49;35;25;164;100;38;41;42;39;38;24;68
1;3;27;Breyer;Dr. Jörg;26;27;6499;1523;71;47;211;79;86;100;4976;45;39;26;38;17;51;41;30;32;61;55;26;35;31;27;91;81;35;27;18;38;34;20;31
1;3;28;Springer;Linus;31;28;6443;1973;4470;52;174;86;80;81;80;52;48;30;80;48;66;77;42;65;91;81;37;59;49;38;106;103;43;26;41;67;53;44;74
1;3;29;Blasi;Martin;24;29;5844;1686;75;4158;161;103;83;104;106;47;55;18;49;23;66;62;32;52;73;49;35;35;25;23;110;77;27;26;27;32;37;32;42
1;3;30;Wittmann;Karl-Heinz;23;30;5539;782;26;39;100;45;59;4757;37;17;23;14;14;23;23;13;15;17;24;19;17;18;10;24;55;31;23;15;15;18;17;17;14
1;3;31;Blank;Josef;32;31;4559;4559;43;28;48;49;41;48;46;28;27;231;119;504;78;82;63;77;113;80;46;43;91;179;79;61;62;48;154;162;54;1.761;114
1;3;32;Scharlach;Maria;39;32;3890;3890;10;7;6;4;11;7;8;6;2;10;16;10;17;22;42;106;3.095;70;11;59;21;26;15;10;127;44;19;20;44;16;29
1;3;33;Müller;Harald;30;33;3600;508;31;24;46;29;34;30;31;3092;12;13;10;8;8;12;12;9;19;21;5;14;9;12;29;17;9;12;6;12;9;15;10
1;3;34;Obermüller;Andreas;38;34;3347;3347;18;20;30;21;10;24;22;20;19;11;345;23;21;42;38;29;48;30;33;25;2.081;21;38;75;22;26;38;105;32;25;55
1;3;35;Wengenmaier;Renate;42;35;3022;3022;21;15;23;13;21;28;16;7;7;34;50;23;47;28;44;37;56;81;14;1.628;25;41;38;22;59;30;23;37;58;24;472
1;3;36;Hoigt;Benedikt;36;36;2998;2998;3;5;6;8;4;4;4;6;2;6;5;5;9;131;7;2.394;190;16;4;8;6;45;54;10;9;13;5;18;3;12;6
1;3;37;Kaltner;Maria;37;37;2930;2930;20;21;40;28;46;47;22;21;27;32;58;32;1.357;49;39;65;140;175;31;83;47;57;86;49;63;84;39;49;30;35;58
1;3;38;Grübl;Fritz;34;38;2431;2431;2;3;5;4;1;3;5;4;1;11;15;2.136;3;15;5;4;4;12;3;3;7;13;5;5;4;7;15;13;4;112;7
1;3;39;Stein;Barbara;41;39;1890;1890;10;9;10;7;13;6;16;6;3;38;22;30;21;26;19;21;20;26;15;12;44;32;25;20;12;18;779;484;13;79;54
1;3;40;Schüler;Dr. Thorsten;genannt dr. thosch;40;40;1509;1509;17;6;29;16;8;16;13;13;7;9;89;12;16;17;9;7;57;42;10;44;15;5;20;61;10;15;11;24;810;10;91
1;3;41;Heilmeier;Bernd;35;41;1154;1154;6;2;8;7;6;11;7;1;4;4;9;1;19;6;6;9;15;783;2;163;3;7;9;13;4;4;6;4;32;0;3
1;3;42;Deger;Gökhan;33;42;859;859;58;27;56;46;37;50;48;21;23;17;15;14;32;33;19;13;45;27;9;26;17;15;55;32;21;12;13;21;14;17;26
1;4;1;Schulze;Katharina;1;1;242204;214843;9474;8304;14289;27361;9092;10516;8590;12214;15.028;2.834;6.132;3.563;6.192;7.547;3.331;5.178;7.372;7.942;3.828;7.524;4.655;2.823;9.393;9.876;2.602;3.539;5.628;5.201;9.766;5.259;7.151
1;4;2;Hartmann;Ludwig;2;2;95463;65094;2440;2198;3709;11795;1953;2620;2038;2780;30.369;644;1.827;881;1.615;1.766;591;1.093;1.725;1.883;627;6.693;1.200;611;1.955;2.572;537;615;1.422;1.275;2.458;1.337;2.234
1;4;3;Sengl;Gisela;3;3;52077;36408;1122;999;1913;2427;1002;1364;1062;1242;1.925;782;1.165;1.983;813;1.242;605;826;1.171;1.133;566;1.068;996;620;1.141;1.402;444;520;2.322;1.961;1.362;15.669;1.230
1;4;4;Demirel;Gülseren;5;4;43130;14158;925;622;28972;1549;657;922;793;810;1.498;91;311;131;348;399;173;240;434;488;185;356;179;117;567;554;113;153;259;204;420;252;408
1;4;5;Runge;Dr. Martin;12;5;32166;9380;309;228;415;414;269;550;243;356;465;92;301;116;377;264;103;135;258;22.786;115;1.949;177;95;263;408;86;88;213;157;501;147;286
1;4;6;Hierneis;Christian;10;6;32125;8328;458;362;721;716;413;508;418;23797;670;83;211;78;164;260;83;171;273;285;84;217;132;78;388;437;69;93;137;143;258;148;270
1;4;7;Monatzeder;Hep;22;7;31273;8651;640;446;791;777;542;22622;595;534;914;30;162;43;148;267;22;124;190;364;25;141;155;53;387;495;25;56;75;86;361;69;134
1;4;8;Büchler;Dr. Markus;4;8;30632;8983;229;235;368;411;319;314;244;327;458;84;189;110;363;226;88;131;654;325;105;216;134;71;2.174;21.649;81;104;179;149;294;221;180
1;4;9;Köhler;Claudia;7;9;29168;8109;203;180;599;442;186;241;309;180;296;66;202;75;119;194;44;92;164;174;67;154;187;61;21.059;3.033;65;80;106;124;165;137;164
1;4;10;Krahl;Andreas;8;10;27795;9502;425;275;571;516;301;391;333;339;455;156;770;131;258;318;160;227;328;362;167;413;178;133;448;367;122;153;230;221;451;303;18.293
1;4;11;Triebel;Gabriele;9;11;25853;2365;78;56;132;165;93;104;77;103;139;24;64;35;49;60;38;45;68;139;42;23.488;40;30;107;108;33;31;64;50;119;56;216
1;4;12;Becher;Johannes;6;12;25396;3491;117;95;169;272;127;132;112;170;216;37;99;59;98;118;48;352;21.905;138;54;88;60;45;151;132;41;146;84;61;89;84;97
1;4;13;Franke;Anne;25;13;24095;2454;78;56;130;161;82;111;72;129;162;21;90;27;50;46;23;45;73;163;34;177;40;20;76;232;28;24;73;55;21.641;48;128
1;4;14;Siekmann;Florian;16;14;24055;4743;19312;168;348;374;206;263;242;331;311;46;119;67;114;156;56;100;162;199;62;160;104;51;238;221;38;57;95;72;179;54;150
1;4;15;Kurz;Susanne;13;15;23182;5582;262;309;577;611;247;270;17600;420;711;36;104;57;96;134;49;79;93;158;69;174;81;51;208;189;35;33;100;80;153;85;111
1;4;16;Urban;Hans;36;16;22106;3050;110;52;149;125;71;113;71;86;146;37;19.056;40;77;86;37;58;82;116;36;106;125;46;77;200;41;43;56;76;264;71;453
1;4;17;Adjei;Benjamin;38;17;19378;1806;94;60;93;95;17572;70;76;90;97;33;40;18;24;62;14;65;51;52;24;38;64;36;126;303;9;20;31;21;45;24;31
1;4;18;Hinterholzer;Leonhard;24;18;19212;2875;57;31;67;83;45;60;44;68;80;108;69;196;39;104;21;48;60;55;34;72;103;63;80;73;18;29;16.337;482;71;558;57
1;4;19;Sarnowski von;Thomas;20;19;18663;2081;65;65;96;99;71;66;75;93;111;31;82;27;45;16.582;23;103;64;98;44;66;52;46;141;81;20;31;72;130;75;48;61
1;4;20;Zimmer;Dr. Bernhard;14;20;17361;6684;198;159;313;280;168;224;164;224;271;152;247;10.677;152;200;91;174;221;257;79;200;169;113;205;251;71;105;332;235;237;914;278
1;4;21;Baier;Andreas;40;21;16876;413;17;16463;35;33;13;22;27;23;32;1;10;4;9;28;3;17;13;16;4;14;3;5;19;12;2;4;6;7;12;4;18
1;4;22;Knobel;Martin;18;22;15589;2352;20;27;42;45;30;21;22;41;54;25;32;52;16;65;8;20;23;26;8;36;143;33;38;23;9;5;1.351;13.237;17;95;25
1;4;23;Frank-Mayer;Ursula;19;23;14808;2960;98;71;133;116;50;85;74;73;111;83;139;59;67;134;34;11.848;95;82;45;104;74;409;123;82;37;40;92;95;93;102;160
1;4;24;Kreß;Thomas;34;24;14086;1235;46;31;60;70;54;74;36;64;61;15;33;11;12.851;33;17;29;45;165;37;55;16;8;71;43;14;30;27;18;30;15;27
1;4;25;Tomaschek;Thomas;30;25;12893;1807;68;57;103;112;58;81;61;104;133;24;115;29;44;72;21;33;48;55;22;58;11.086;26;57;77;22;31;61;42;66;44;83
1;4;26;Kellermann;Dr. Thorsten;28;26;11960;5873;293;220;401;418;222;333;268;342;426;6.087;99;78;129;160;63;95;218;250;123;182;92;56;279;276;54;70;128;114;227;110;147
1;4;27;Kürten;Stephanie;11;27;11542;2474;36;45;94;121;40;44;35;60;83;8;28;13;31;45;305;15;39;51;9.068;41;17;8;48;45;843;237;14;10;52;24;42
1;4;28;Dürr;Dr. Sepp;42;28;11098;11098;193;136;347;320;192;424;164;253;365;77;258;105;151;181;124;155;286;3.581;63;813;177;114;184;386;91;98;186;195;1.036;131;312
1;4;29;Bittlmayer;Klaus;26;29;10387;1535;48;34;99;50;31;41;31;29;44;21;40;19;39;24;8.852;41;52;37;278;45;21;20;48;31;151;62;35;35;37;39;53
1;4;30;Bogner;Judith;21;30;8931;2183;64;70;120;135;62;73;76;96;135;113;41;36;31;57;21;273;70;73;40;67;43;6.748;88;86;24;15;43;56;62;56;57
1;4;31;Reim;Wilhelm;32;31;7446;625;12;10;25;11;23;17;23;18;28;5;15;10;13;14;8;10;26;17;19;16;7;5;15;14;215;6.821;10;5;6;7;21
1;4;32;Schwarz;Karola;23;32;6828;903;25;8;35;35;13;19;20;28;35;9;22;15;18;17;189;7;23;37;97;28;14;11;21;23;5.925;61;17;14;19;13;30
1;4;33;Günther;Susanne;17;33;6730;6730;76;64;114;126;61;78;72;85;110;41;64;59;117;104;39;281;4.134;102;35;85;45;45;154;96;44;142;59;57;83;64;94
1;4;34;Hoffmann;Marese;33;34;6238;6238;154;117;291;221;154;252;138;191;280;76;194;85;1.073;152;105;107;302;254;97;206;115;96;215;175;87;196;138;141;202;173;251
1;4;35;Müller;Marina;15;35;5783;5783;145;106;205;198;108;144;161;134;179;42;126;39;115;126;745;96;169;182;1.046;136;75;53;187;106;296;341;80;78;131;89;145
1;4;36;Gruber;Waltraud;27;36;4712;4712;103;92;135;160;72;108;100;114;141;54;105;42;75;1.553;55;77;106;152;66;118;70;57;144;127;46;44;182;307;106;78;123
1;4;37;Ebner;Dr. Rupert;46;37;4083;4083;53;57;77;80;50;64;53;59;61;27;67;27;47;58;677;61;99;75;1.207;71;41;31;69;73;297;349;35;33;60;52;73
1;4;38;Aschauer;Albert;44;38;4027;4027;55;44;64;55;43;48;42;40;86;127;91;1.645;32;70;39;43;57;52;38;55;53;69;52;76;19;22;137;84;67;641;81
1;4;39;Nallinger;Sabine;41;39;3905;3905;216;164;379;365;179;292;195;278;376;19;76;35;75;76;27;50;85;114;35;80;51;29;158;162;11;30;54;45;120;41;88
1;4;40;Rosner;Andrea;39;40;3902;3902;91;58;132;115;63;88;77;84;96;60;94;52;58;114;29;68;90;88;28;72;173;65;109;116;30;32;503;932;81;116;188
1;4;41;Waas;Gerhard;48;41;2530;2530;48;36;49;58;38;61;43;59;76;19;160;45;32;59;38;43;62;53;26;59;866;27;61;89;17;22;83;83;58;49;111
1;4;42;Stieglmeier;Helga;29;42;2360;2360;28;22;27;25;16;31;25;26;23;8;22;14;25;139;7;1.402;202;24;9;37;9;17;59;27;8;26;17;23;26;15;21
1;4;43;Hanusch;Anna;31;43;2284;2284;125;91;191;284;158;130;99;169;248;16;41;17;47;38;19;20;36;62;23;64;39;19;64;69;7;13;34;30;69;24;38
1;4;44;Schwendner;Barbara;37;44;2278;2278;39;23;64;56;28;40;29;34;46;19;988;25;24;31;16;19;19;43;15;37;192;13;45;42;7;12;49;35;51;27;210
1;4;45;Pilz-Strasser;Angelika;45;45;2259;2259;114;245;161;162;98;105;90;127;226;14;56;30;45;55;22;25;48;63;29;65;28;23;90;81;11;17;40;38;59;35;57
1;4;46;Mörtl-Körner;Walburga;43;46;2246;2246;19;21;19;36;12;21;21;27;23;89;14;371;11;27;12;13;18;17;12;25;10;40;14;9;3;11;60;26;21;1.230;14
1;4;47;Körner;Anna Sophia;47;47;1984;1984;32;26;47;65;25;24;24;37;34;71;34;281;16;30;12;17;38;38;17;35;22;28;43;33;12;15;80;32;33;744;39
1;4;48;Koller;Jutta;61;48;1978;1978;71;73;136;119;87;108;100;88;97;31;54;34;38;80;34;51;50;83;33;73;27;32;99;69;25;45;41;35;61;39;65
1;4;49;Roth;Dr. Florian;50;49;1581;1581;84;55;136;120;61;78;57;97;142;11;47;17;27;29;16;21;32;48;26;59;38;19;65;62;8;17;41;28;56;30;54
1;4;50;Sührig;Johanna;59;50;1463;1463;41;14;42;38;31;29;22;30;42;9;114;12;22;33;11;27;34;38;17;64;25;11;39;32;3;11;18;20;46;16;572
1;4;51;Habenschaden;Katrin;35;51;1302;1302;67;56;96;147;61;153;61;77;113;7;19;11;31;27;9;15;25;56;13;22;20;4;57;43;6;14;15;9;40;11;17
1;4;52;Pfitzner;Bernd;58;52;1272;1272;25;25;24;30;21;22;20;15;21;8;47;5;8;16;4;6;11;14;3;42;5;7;16;21;5;7;17;7;620;6;194
1;4;53;König;Stefanie;51;53;1269;1269;14;16;27;37;8;21;23;22;41;25;8;7;7;81;4;29;20;14;6;12;7;158;22;10;4;6;165;373;9;78;15
1;4;54;Krispenz;Luise;55;54;1238;1238;22;12;42;22;21;18;17;28;38;3;11;9;737;13;5;6;19;73;6;28;2;3;27;13;4;8;6;7;17;7;14
1;4;55;Müllejans;Alexander;52;55;1091;1091;37;24;46;45;20;25;23;28;37;7;386;8;24;14;10;9;20;43;12;24;7;5;28;40;13;7;19;9;40;19;62
1;4;56;Freitag;Marie;49;56;990;990;16;13;14;21;8;12;12;17;10;6;9;4;8;7;4;11;15;21;7;662;5;5;15;15;4;2;9;4;13;4;37
1;4;57;Schmidhuber;Anna;54;57;978;978;33;39;61;108;39;48;37;57;77;4;28;17;20;32;9;22;22;30;7;23;15;11;68;54;5;8;20;16;29;9;30
1;4;58;Prügl;Barbara;57;58;877;877;16;5;10;14;9;13;10;9;14;5;9;3;7;13;12;9;434;10;20;10;10;4;10;9;23;141;9;9;8;4;18
1;4;59;Küster;Johannes;60;59;786;786;12;6;17;11;5;13;3;22;24;3;43;6;5;4;5;4;10;6;6;6;458;5;9;44;4;2;8;20;11;6;8
1;4;60;Miklósy;Alexander;56;60;771;771;33;28;65;55;33;30;30;34;113;7;20;8;22;22;11;5;33;19;7;19;14;5;26;29;8;7;14;19;30;10;15
1;4;61;Dullinger-Oßwald;Carmen;53;61;251;251;13;13;66;13;9;11;9;13;16;3;1;0;5;7;2;3;3;7;1;5;3;4;17;8;1;2;1;4;5;0;6
1;5;1;Hagen;Martin;1;1;51033;46633;1629;1738;2331;2297;1526;1830;1764;2832;2.180;669;1.416;749;1.269;2.617;769;1.155;1.230;1.595;1.118;1.681;1.285;620;2.530;2.790;547;740;4.400;1.532;2.006;912;1.276
1;5;2;Markwort;Helmut;16;2;20304;10862;455;848;918;554;503;501;578;833;414;74;403;97;199;273;63;174;210;352;130;236;376;108;776;9.442;80;120;249;174;751;160;253
1;5;3;Heubisch;Dr. Wolfgang;7;3;16081;7219;352;654;486;638;406;358;321;8862;445;62;181;69;141;126;63;126;140;221;116;161;181;69;332;554;48;87;160;102;376;85;159
1;5;4;Duin;Albert;2;4;13018;7718;284;371;461;525;5300;603;287;660;446;46;169;84;173;144;75;80;154;191;143;209;132;72;283;417;70;94;963;121;263;84;114
1;5;5;Sandt;Julika;13;5;11290;3475;255;179;7815;234;174;188;163;267;287;25;67;18;68;83;35;46;79;103;81;99;56;30;110;356;22;46;51;55;181;47;70
1;5;6;Hundesrügge;Britta;6;6;10417;2610;109;103;152;127;88;110;93;156;122;33;91;16;72;69;33;48;72;186;73;176;58;27;101;209;23;36;55;50;7.807;46;76
1;5;7;Neff;Gabriele;4;7;10309;4236;217;6073;337;269;311;283;263;339;283;30;72;30;109;85;41;73;78;156;59;108;125;33;229;240;53;45;78;61;130;43;56
1;5;8;Jännert;Thomas;10;8;8896;1885;67;74;96;110;77;73;103;105;80;20;63;20;54;154;21;65;58;73;76;42;43;24;7.011;146;14;19;38;45;59;32;34
1;5;9;Keck;Andreas;9;9;8670;1950;79;128;116;6720;197;123;81;226;89;20;33;11;58;50;13;36;52;50;32;71;36;18;135;89;13;22;27;23;49;29;44
1;5;10;Pöhlmann;Anke;11;10;8538;2446;131;255;254;230;151;121;112;346;6.092;21;46;11;42;49;12;24;31;53;37;47;29;14;101;102;12;28;31;25;75;22;34
1;5;11;Schäfer;Ulla;24;11;8272;2757;95;86;139;118;80;111;78;118;114;46;96;38;79;77;45;63;72;151;100;5.515;62;37;109;116;31;52;76;68;161;60;279
1;5;12;Lex;Ursula;3;12;8263;4980;165;178;239;235;227;179;129;303;214;63;315;71;130;144;60;135;122;133;106;165;3.283;53;196;283;45;72;280;238;213;107;180
1;5;13;Buggisch;Dr. Walter;5;13;8132;5060;187;183;206;181;162;207;163;219;132;98;150;251;184;150;88;108;196;192;157;178;124;78;219;307;97;73;260;171;181;3.072;158
1;5;14;Böcking;Sabrina;14;14;7756;2276;5480;128;211;154;112;105;110;191;144;16;58;18;53;64;28;45;56;63;58;71;41;33;92;113;18;22;40;43;98;36;55
1;5;15;Zeil;Martin;12;15;7749;3278;80;79;114;81;73;105;68;180;64;35;146;34;69;61;16;47;42;104;31;174;61;41;75;307;20;43;39;60;1.005;24;4.471
1;5;16;Schäuble;Jakob;8;16;7699;3442;84;69;100;95;71;58;81;123;91;26;39;29;61;39;892;40;101;55;4.257;63;44;27;92;101;311;456;53;46;88;44;63
1;5;17;Bezdeka;Klement;19;17;7235;1142;97;52;67;70;155;6093;30;69;74;5;13;9;32;13;10;9;14;69;12;26;18;4;43;141;12;6;12;13;50;11;6
1;5;18;Linnerer;Michael;17;18;6844;2370;50;47;81;101;65;71;56;86;75;25;36;30;46;67;33;45;58;72;61;42;103;29;77;70;17;24;733;4.474;41;89;40
1;5;19;Sommerfeld;Dr. Frank;28;19;6621;1897;77;70;101;84;87;84;48;120;85;29;55;24;4.724;40;27;33;64;137;48;79;40;22;98;95;23;52;57;40;89;35;54
1;5;20;Schäch;Josef;25;20;6440;775;10;11;17;22;6;15;14;21;20;5;14;6;26;13;49;16;141;11;116;20;6;4;14;14;147;5.665;7;18;7;0;5
1;5;21;Bode;Ulrich;21;21;6405;909;31;28;37;36;25;41;32;44;32;8;17;9;56;25;13;19;22;5.496;28;162;12;15;38;48;9;17;18;26;28;17;16
1;5;22;Krönauer;Manfred;23;22;6232;1126;63;119;99;44;48;50;5106;85;114;11;30;10;28;30;12;20;25;26;9;27;19;9;47;74;10;13;25;23;29;10;17
1;5;23;Müller;Alexander;20;23;6036;766;31;36;24;32;22;25;34;34;19;8;21;19;28;5.270;17;15;16;25;22;17;34;17;40;42;24;14;33;47;27;21;22
1;5;24;Haugg;Fritz;15;24;5571;1462;53;39;56;47;36;61;52;54;46;15;4.109;11;22;17;10;16;17;90;18;58;45;9;51;333;9;19;29;21;181;15;32
1;5;25;Barschdorf;Dr. Jens;18;25;4812;630;21;22;25;27;16;16;15;38;12;6;17;7;36;30;9;71;4.182;21;19;21;11;7;52;27;12;21;12;7;20;12;20
1;5;26;Schön;Thomas;29;26;4229;913;24;14;35;27;20;25;14;22;13;6;9;8;16;18;3.316;14;16;31;344;27;6;7;16;29;65;31;19;23;8;8;18
1;5;27;Korn;Christian;26;27;3741;485;18;8;20;19;19;23;10;23;16;12;9;3;13;11;12;3.256;66;20;22;16;9;15;34;15;9;13;10;10;6;11;13
1;5;28;Saller;Dr. Rudolf;27;28;3101;1002;23;20;10;21;10;18;19;38;15;2.099;28;48;27;19;16;16;18;14;19;22;15;342;20;20;11;9;30;29;21;82;22
1;5;29;Gschossmann;Wilhelm;30;29;2802;451;14;6;15;17;10;10;12;10;15;11;18;2.351;14;7;7;8;10;15;7;8;16;11;15;17;12;11;24;20;11;83;17
1;5;30;Gumppenberg Freiherr von;Michael;31;30;2430;670;15;30;28;32;15;29;14;63;30;17;16;8;19;16;12;18;17;22;24;23;17;7;22;57;1.760;12;21;14;40;16;16
1;5;31;Corticelli;Peter;22;31;2324;481;17;11;21;24;8;19;19;23;23;56;12;6;11;13;3;60;15;13;13;8;5;1.843;17;16;3;4;14;14;13;9;11
1;5;32;Boneberger;Wilhelm;49;32;2145;2145;58;44;58;40;52;90;29;68;39;26;50;28;63;31;35;42;47;207;41;147;33;33;58;90;17;24;36;40;524;31;64
1;5;33;Alberti;Dr. Martin;45;33;1504;1504;38;31;47;36;21;34;36;49;33;10;30;16;35;16;8;63;676;32;18;26;12;15;42;40;4;25;17;23;32;19;20
1;5;34;Hilgendorf;Heinz;41;34;1356;1356;23;22;31;42;19;23;31;39;16;14;13;15;24;41;16;20;17;26;30;19;92;8;40;47;6;20;148;433;27;37;17
1;5;35;Ahlfeld;Anna;36;35;1156;1156;65;58;78;59;74;81;64;53;64;13;21;16;43;28;11;27;25;47;28;34;23;14;58;45;9;15;23;19;25;16;20
1;5;36;Schunck;Christian;57;36;1112;1112;9;14;16;15;11;10;10;17;14;65;11;42;10;15;3;12;16;29;11;19;17;52;22;15;2;12;134;66;16;412;15
1;5;37;Ranft;Thomas;34;37;815;815;28;43;65;48;31;40;45;35;43;11;43;10;29;14;9;15;22;19;19;30;17;6;39;52;5;9;15;13;29;12;19
1;5;38;Walter;Katharina;37;38;784;784;60;39;56;51;46;34;36;56;41;9;19;7;21;14;5;20;24;19;24;28;11;6;42;33;7;5;11;15;24;10;11
1;5;39;Breil;Klaus;39;39;745;745;5;18;11;7;9;9;14;21;11;1;45;2;5;5;9;11;8;14;5;23;4;1;10;16;5;1;3;8;216;6;242
1;5;40;Helmers;Antje;50;40;714;714;14;2;16;6;11;8;10;5;7;10;56;7;17;9;5;11;11;8;12;21;341;4;16;18;8;8;9;23;10;7;24
1;5;41;Hohenthaner;Johannes;44;41;704;704;29;35;49;47;41;50;35;50;36;4;12;6;20;15;10;12;22;18;16;12;4;11;53;50;3;7;11;14;10;8;14
1;5;42;Prinzbach;Cécile;33;42;691;691;31;51;53;63;40;35;35;71;51;4;17;5;11;17;7;11;15;12;13;17;9;3;30;34;5;4;8;11;17;5;6
1;5;43;Will;Renate;32;43;677;677;11;15;16;11;6;9;19;11;8;7;7;9;15;272;5;25;12;9;10;15;6;8;69;34;3;5;13;17;12;5;13
1;5;44;Cerveny;Vaclav;42;44;664;664;16;24;27;24;20;18;28;27;27;11;8;6;16;117;5;13;18;12;7;14;20;14;29;34;13;5;27;43;9;16;16
1;5;45;Tietgen;Christian;46;45;663;663;7;3;15;5;7;11;5;3;2;7;12;8;35;9;6;12;8;330;13;64;7;13;9;21;4;9;7;3;12;6;10
1;5;46;Teichmann;Andreas;48;46;637;637;3;9;9;10;2;21;3;11;12;2;6;4;31;5;5;5;10;338;5;54;6;4;12;14;5;7;3;6;26;3;6
1;5;47;Schmohl;Dr. Andreas;52;47;628;628;20;9;14;20;19;21;9;18;19;9;7;3;269;6;4;18;19;18;10;14;9;3;20;15;5;6;8;4;8;13;11
1;5;48;Neudert;Thomas;51;48;624;624;2;3;2;4;2;3;4;1;1;0;2;2;7;5;8;2;36;2;22;4;2;1;1;3;13;484;1;3;0;2;2
1;5;49;Gladbach;Beate;56;49;611;611;4;2;10;8;5;9;19;7;11;4;2;4;12;6;141;7;4;6;213;11;4;6;8;7;22;58;4;0;7;6;4
1;5;50;Hartung;Dr. Hannes;38;50;584;584;14;14;22;13;6;12;10;33;17;4;77;2;7;14;5;15;9;8;7;17;11;5;21;142;3;6;7;13;49;7;14
1;5;51;Pautzke;Felix;54;51;552;552;7;8;4;3;5;8;6;12;5;11;11;331;8;1;3;14;2;5;4;9;0;3;12;8;2;1;11;8;4;45;1
1;5;52;Weltin;Beate;43;52;535;535;21;23;50;31;24;30;20;26;29;11;15;5;16;14;2;11;15;22;8;24;8;12;21;24;10;8;6;9;17;8;15
1;5;53;Brockmann;Oliver;53;53;474;474;2;2;2;3;0;2;0;3;3;4;1;0;39;0;19;1;9;3;28;7;1;2;9;1;287;33;2;2;3;1;5
1;5;54;Samitz;Josef;55;54;390;390;3;2;6;6;5;2;5;4;5;3;4;4;3;6;0;243;36;4;1;3;0;9;7;4;5;4;2;6;2;2;4
1;5;55;Braun;Hildebrecht;35;55;369;369;18;18;31;26;13;15;14;18;19;4;13;1;17;7;8;8;8;13;8;7;9;5;19;25;3;5;10;3;11;2;11
1;5;56;Scholler;Jörg;47;56;356;356;9;4;7;5;3;16;9;4;2;1;2;2;2;5;1;1;2;21;3;10;2;1;1;183;1;2;2;1;46;4;4
1;5;57;Gawlik;Maximilian;40;57;193;193;20;11;10;10;7;5;16;4;4;1;6;1;3;6;3;7;5;6;8;9;1;1;12;13;2;4;6;5;1;3;3
1;6;1;Gürpinar;Ates;1;1;28410;24519;1410;955;2029;3891;1343;1159;1036;1632;2.506;381;685;392;532;624;260;511;764;766;595;799;430;307;896;720;220;308;596;605;694;597;767
1;6;2;Bulling-Schröter;Eva;2;2;11552;8184;189;142;361;1176;177;208;194;184;347;107;160;125;158;142;1.221;150;231;182;3.368;211;113;116;191;145;568;508;145;193;162;168;210
1;6;3;Wolf;Brigitte;3;3;8842;4228;230;204;348;516;213;215;268;222;4.614;44;90;52;93;103;41;76;126;134;165;123;61;56;205;119;44;51;83;93;94;66;93
1;6;4;Killet;Julia;5;4;5916;2778;162;98;263;311;128;3138;119;145;313;50;74;32;76;62;28;51;75;79;59;79;36;38;108;65;24;29;45;60;70;39;60
1;6;5;Cullmann-Reder;Renate;7;5;5688;1153;66;47;4535;128;58;81;45;63;132;15;28;10;32;28;2;15;42;43;29;39;15;7;40;31;7;8;37;32;20;23;30
1;6;6;Hoyer;Dr. Guido;8;6;5581;2728;104;84;137;153;84;110;88;80;125;52;103;76;90;97;34;136;2.853;86;91;108;67;59;144;93;34;66;99;104;71;70;83
1;6;7;Reiter;Michael;18;7;4798;2502;107;58;97;106;78;90;72;53;78;78;69;422;64;59;28;57;92;76;75;72;38;68;82;69;42;43;74;101;44;2.296;110
1;6;8;Guerra;Tony;16;8;4643;1862;90;48;158;124;2781;69;80;70;104;40;62;35;63;60;23;45;77;66;48;78;48;32;73;51;28;19;40;65;46;63;57
1;6;9;Peiker;Christian;4;9;4636;2210;69;37;84;87;41;64;45;51;84;82;70;47;52;113;13;80;77;58;75;57;48;168;56;43;20;22;274;2.426;41;183;69
1;6;10;Seidel;Wolfgang;44;10;3554;110;3444;7;12;11;7;4;8;1;8;1;1;3;1;2;1;2;2;5;1;0;3;5;7;4;2;2;3;2;2;1;2
1;6;11;Weber-Teuber;Dr. Klaus;26;11;3491;1341;73;31;134;81;35;55;42;48;59;18;47;18;34;32;9;38;64;48;34;50;32;16;53;66;13;15;2.150;64;58;28;46
1;6;12;Fröhlich;Dr. Heinz;20;12;3306;1306;52;37;79;79;36;48;37;53;63;19;40;27;35;2.000;15;36;87;46;32;36;33;20;71;43;16;17;46;71;37;39;56
1;6;13;Ripke;Martina;17;13;3215;306;7;18;29;30;14;20;17;2909;23;4;6;3;3;9;5;3;10;17;10;13;1;4;10;12;2;3;6;5;10;4;8
1;6;14;Sprinz;Hansjoachim;43;14;3136;260;5;5;4;9;9;5;4;6;11;2;6;3;10;2;6;4;4;12;4;2.876;3;5;9;8;2;1;5;3;45;5;63
1;6;15;Dogan;Erol;10;15;2926;627;38;2299;46;96;41;31;45;33;35;10;15;4;10;15;6;7;21;18;18;9;8;10;15;18;8;10;9;16;7;18;10
1;6;16;Hamm;Robert;49;16;2918;197;6;2;9;8;6;8;9;11;5;6;8;2;7;8;3;7;19;9;3;4;7;7;2.721;7;2;2;8;10;6;5;3
1;6;17;Baudler;Bernhard;6;17;2838;873;29;13;54;49;27;36;29;25;49;17;87;14;11;25;14;20;30;25;33;28;13;16;37;1.965;5;10;31;34;49;18;45
1;6;18;Raufer;Michael;42;18;2693;981;26;20;35;32;30;29;34;19;21;31;35;1.712;28;40;15;22;27;41;23;28;26;27;24;25;9;11;40;49;21;168;45
1;6;19;Lindenthal;Moritz;12;19;2683;154;6;8;9;11;5;5;2529;8;13;4;5;5;5;5;4;2;2;4;5;8;4;3;6;4;5;0;5;2;6;3;2
1;6;20;Martin-Köppl;Ernestine;13;20;2610;380;10;6;4;4;3;9;4;4;3;49;7;5;13;25;1;5;4;2.230;10;103;4;7;12;6;4;5;8;33;12;4;16
1;6;21;Podlewski;Rolf-Werner;50;21;2367;127;2;3;3;5;0;3;1;3;3;0;65;1;1;2;3;1;3;0;3;6;3;1;4;1;0;1;0;2;6;1;2.240
1;6;22;Westermeier;Jonathan;14;22;2281;506;19;10;32;33;25;27;13;15;21;7;10;8;1.775;12;5;11;34;50;15;26;8;7;34;10;8;12;13;8;11;10;12
1;6;23;Eigner;Dominik;32;23;2150;288;9;2;8;10;9;6;7;10;19;6;2;3;12;8;1.862;4;10;9;59;9;5;2;10;11;11;14;7;5;10;4;7
1;6;24;Gehnen;Elmar;47;24;2113;183;5;2;3;3;2;4;1;2;4;2;1.930;3;7;2;1;2;3;3;2;7;44;3;2;5;2;1;5;7;4;3;49
1;6;25;Koppe;Walter;37;25;2016;222;2;7;9;17;6;8;2;6;19;2;4;1;6;14;4;1.794;33;7;5;3;3;9;5;2;2;2;12;6;8;7;11
1;6;26;Feilzer;Bernhard;36;26;1937;42;0;1;2;1;2;2;0;2;1;0;0;0;2;0;1;1;1;11;0;4;1;2;2;2;0;1;0;1;1.895;0;2
1;6;27;Nitzsche;Patrick;41;27;1569;232;5;7;2;5;5;9;7;8;6;1.337;3;1;5;4;41;8;8;7;15;10;3;15;4;3;15;3;3;5;6;3;16
1;6;28;Kirchner;Stefanie;51;28;1517;1517;27;18;47;30;18;21;23;19;24;26;37;21;21;23;141;18;33;25;508;26;21;24;27;13;87;86;25;22;18;45;43
1;6;29;de la Motte Rouge;Werner;48;29;1497;160;6;10;14;13;6;1;6;3;12;4;4;4;5;2;3;4;7;3;12;4;1;2;5;2;7;1.337;3;4;6;2;5
1;6;30;Borchert;Lisa;24;30;1438;1438;92;44;97;85;59;66;57;63;90;19;46;20;25;32;16;46;55;71;40;54;27;26;56;47;11;18;41;22;31;33;49
1;6;31;Nava;Gabriele;11;31;1432;256;5;3;13;6;8;4;8;4;9;1;8;1;3;0;21;7;8;5;89;3;4;1;7;2;1.176;12;3;6;3;3;9
1;6;32;Hager;Jörg;45;32;1429;107;0;1;3;1;2;2;2;1;5;0;28;1;6;4;1;1;2;5;3;5;1.322;1;2;4;2;2;7;7;0;4;5
1;6;33;Hackl;Philipp;46;33;1426;155;1;0;0;2;0;1;1;1;1;120;1;2;1;1;1;0;1;0;1;2;1;1.271;1;1;0;0;2;2;0;11;0
1;6;34;Mayr;Maria;30;34;1123;1123;22;21;42;49;41;72;26;22;41;20;28;21;25;23;16;19;20;80;35;225;17;15;22;19;12;14;25;35;27;28;61
1;6;35;Schreiber;Eva;21;35;899;899;33;33;78;89;31;30;38;33;81;14;26;9;16;16;14;14;25;28;28;30;16;12;36;35;2;16;29;26;19;16;26
1;6;36;Weidner;Monika;55;36;783;783;35;24;40;40;28;40;20;23;34;11;23;13;21;27;14;30;37;23;27;30;21;16;36;23;8;13;19;36;16;16;39
1;6;37;Fingert;Annemarie;9;37;776;776;32;31;72;60;39;44;39;26;60;9;20;8;21;16;15;18;37;20;18;14;10;13;37;26;7;8;8;17;18;13;20
1;6;38;Enderlein;Ellen;19;38;761;761;50;31;45;35;44;40;36;23;26;9;21;18;31;16;11;10;25;34;19;22;11;12;25;20;13;10;12;21;18;32;41
1;6;39;Auchter;Julia;27;39;699;699;18;19;31;23;19;22;11;32;32;13;23;14;15;23;10;16;73;24;9;17;17;11;84;16;5;9;21;21;19;24;28
1;6;40;Brunnemann;Eva-Maria;33;40;597;597;38;23;54;43;25;24;21;14;36;11;22;9;19;22;8;12;17;20;22;12;6;13;21;19;7;11;18;13;6;14;17
1;6;41;Kroll;Uwe;60;41;573;573;19;12;26;11;15;4;12;16;16;12;12;5;19;16;5;15;132;14;10;9;10;11;12;13;20;65;12;10;12;16;12
1;6;42;Mayer;Marina;38;42;520;520;29;15;34;41;22;21;13;22;41;7;10;9;18;18;6;15;20;18;19;13;10;9;11;17;8;2;15;13;16;13;15
1;6;43;Hertel-Stockinger;Herta;35;43;484;484;13;15;10;12;12;11;12;8;11;9;6;3;8;22;9;167;25;13;11;4;12;17;14;3;2;5;10;15;4;7;14
1;6;44;Padovan;Elfi;25;44;406;406;21;10;52;39;13;18;7;17;35;5;6;4;10;11;6;12;15;26;8;8;4;4;9;7;2;4;9;9;11;7;17
1;6;45;Tepperies;Jan;54;45;384;384;19;14;29;25;17;11;18;16;36;4;8;9;5;15;3;7;13;18;8;8;7;8;22;8;4;4;9;9;9;14;7
1;6;46;Popig;Laura-Christin;15;46;380;380;11;4;14;17;5;10;5;9;11;2;9;1;8;6;3;20;163;5;5;9;4;7;11;3;7;3;6;3;6;6;7
1;6;47;Utz;Erich;58;47;372;372;26;17;24;20;15;20;18;16;29;8;9;6;9;6;1;4;18;17;9;16;6;6;7;5;4;4;13;10;11;9;9
1;6;48;Pertl;Manuela;40;48;356;356;5;8;4;6;2;1;1;4;3;9;7;24;1;6;1;3;8;1;3;4;10;1;6;5;1;1;30;17;4;170;10
1;6;49;Wilde;Corinna;39;49;349;349;5;7;17;16;1;8;6;3;8;2;11;1;11;141;1;14;6;4;5;9;7;7;2;3;3;3;10;26;2;5;5
1;6;50;Lazarowicz;Doris;57;50;344;344;16;12;28;20;13;10;8;19;23;3;13;6;7;8;6;11;14;15;8;8;6;10;9;12;1;3;12;12;6;7;18
1;6;51;El Nour;Andrea;28;51;324;324;8;1;18;18;8;8;13;7;11;3;9;6;7;7;1;2;6;4;6;6;11;3;18;112;3;2;7;7;5;2;5
1;6;52;Ischinger;Karl;22;52;276;276;11;13;22;34;18;14;19;14;11;5;6;2;7;4;3;3;9;9;7;2;4;8;10;7;2;7;4;6;6;5;4
1;6;53;Pietsch;Rafael;52;53;275;275;10;9;17;19;16;11;19;19;12;5;10;3;4;8;3;4;8;6;8;7;7;8;13;10;1;7;4;5;6;7;9
1;6;54;Just;Karin;31;54;261;261;15;8;30;24;8;15;9;11;13;4;8;5;3;7;0;3;7;9;8;6;7;4;12;5;5;1;5;5;1;9;14
1;6;55;Keller;Ellen;23;55;235;235;12;8;13;13;11;12;11;6;13;1;3;1;5;5;5;5;7;11;8;10;10;3;5;9;8;3;6;9;4;10;8
1;6;56;Klotz;Franziska;34;56;233;233;8;6;10;1;2;3;2;6;7;1;6;8;6;3;1;7;1;35;6;16;1;1;5;3;1;1;1;3;70;5;7
1;6;57;Pingel;Dr. Clemens;53;57;206;206;13;3;14;19;12;11;15;9;10;1;7;6;4;2;2;6;9;11;5;6;1;3;3;4;0;2;10;7;1;5;5
1;6;58;Fingert;Diana;29;58;146;146;12;5;9;5;4;4;3;6;5;5;6;3;7;8;4;4;7;3;5;7;2;3;5;1;2;5;0;5;2;3;6
1;6;59;Lohmüller-Kaupp;Jürgen;56;59;125;125;3;7;13;9;8;6;3;4;7;4;5;5;1;3;0;4;4;2;3;5;2;1;2;6;3;0;2;4;4;1;4
1;6;60;Schulz;Wolfgang;59;60;115;115;9;5;10;7;3;3;6;4;13;1;3;3;2;4;0;2;3;3;0;2;3;2;8;6;1;2;2;2;2;2;2
1;7;1;Weber;Florian;1;1;14284;11034;158;139;169;111;171;200;191;87;93;302;614;500;414;561;361;636;405;326;177;484;641;493;331;322;295;285;1.112;3.250;227;691;538
1;7;2;Schupfner;Markus;10;2;5595;1147;8;11;16;11;5;7;15;5;4;87;40;354;34;28;22;54;22;23;14;23;26;82;19;30;10;14;63;53;16;4.448;51
1;7;3;Lausch;Josef;4;3;4461;1956;5;9;7;8;11;8;15;5;9;23;2.505;38;14;136;17;54;28;19;4;45;77;51;27;37;15;24;222;912;17;65;54
1;7;4;Caim;Eva;9;4;4183;3355;103;828;119;85;112;132;153;59;61;76;132;79;124;118;69;191;141;127;50;127;76;149;151;185;79;73;89;120;56;118;201
1;7;5;Freund;Helmut;7;5;4085;510;0;4;11;6;2;5;6;2;7;11;7;29;6;14;3;8;9;14;2;6;31;28;8;18;6;9;3.575;157;6;85;10
1;7;6;Schropp;Regina;6;6;3847;665;11;12;16;10;15;16;18;8;14;11;76;8;22;19;8;22;21;28;5;114;19;10;15;18;16;16;21;22;46;28;3.182
1;7;7;Baueregger;Konrad;17;7;3440;1248;4;2;5;2;2;5;2;3;0;115;6;2.192;1;4;5;6;11;4;0;8;2;133;4;4;6;5;10;14;3;867;15
1;7;8;Zimmer;Andreas;12;8;3198;490;10;6;2;2;5;13;5;1;1;9;22;18;24;29;24;2.708;44;24;7;27;15;48;17;11;18;9;9;14;39;15;22
1;7;9;Distler;Wolfgang;19;9;3013;602;9;10;8;9;10;12;6;3;3;11;22;17;23;21;2.411;37;24;27;49;31;10;20;16;23;56;26;22;30;12;22;33
1;7;10;Hofmann;Michael;8;10;3003;358;5;5;2;2;6;5;5;3;1;6;18;4;11;6;4;7;9;29;0;2.645;4;7;9;4;4;4;5;3;44;7;139
1;7;11;Progl;Richard;2;11;2806;1789;56;76;63;46;65;83;1017;24;35;24;30;33;57;69;41;59;68;63;22;61;24;30;78;56;34;34;27;394;37;48;52
1;7;12;Böhnlein;Robert;14;12;2648;555;13;9;15;7;5;13;7;6;10;16;15;17;15;2.093;17;34;23;21;9;21;10;41;23;19;12;17;22;86;15;28;9
1;7;13;Drechsler;Thomas;15;13;2412;376;5;1;7;4;1;2;5;0;2;157;6;15;5;9;4;58;8;5;1;8;3;2.036;6;2;4;3;5;21;1;20;8
1;7;14;Altmann;Johann;11;14;2370;1425;47;65;945;38;41;49;93;24;32;19;55;31;60;52;22;87;63;69;26;58;22;47;70;51;28;25;53;64;21;54;59
1;7;15;Sachs;Herbert;28;15;2100;375;10;2;5;3;8;3;7;1;4;7;16;7;14;12;7;64;1.725;13;11;14;8;15;9;13;15;11;16;19;10;19;32
1;7;16;Pfänder;Rupert;26;16;2073;437;6;3;4;0;10;6;10;1;2;6;22;12;8;5;4;20;11;41;5;83;5;10;7;11;5;6;13;14;1.636;9;98
1;7;17;Ferstl;Christian;20;17;2067;601;9;5;7;3;11;4;8;4;3;12;17;17;16;15;239;19;14;18;25;18;5;20;8;2;1.466;27;15;12;11;19;18
1;7;18;Paintner;Josef;25;18;2056;146;2;5;2;3;10;5;1;1;4;2;5;3;1.910;0;5;5;7;24;5;8;1;4;8;9;7;3;1;4;4;5;3
1;7;19;Dorn;Hubert;3;19;2048;1416;47;45;46;632;53;65;95;24;26;22;69;35;54;51;44;65;58;52;21;70;25;36;63;48;20;40;32;65;39;58;48
1;7;20;Kellerer;Sebastian;23;20;2032;585;4;6;6;3;7;9;2;3;1;2;4;3;346;9;2;16;30;1.447;6;26;2;2;26;6;7;14;11;10;8;8;6
1;7;21;Furche;Dr. Franz;21;21;1869;512;12;16;19;10;11;3;30;6;2;11;19;14;13;73;12;38;21;19;7;15;17;25;1.357;25;4;17;16;18;3;18;18
1;7;22;Gelesch;Loris-Marco;13;22;1790;101;3;0;1;0;1;7;1;0;0;2;11;1;2;3;3;4;1;2;3;6;1.689;5;3;14;4;3;5;7;3;2;4
1;7;23;Geiger;Dr. Albert;22;23;1744;305;8;5;7;5;12;4;11;5;5;9;55;8;3;9;10;12;8;11;5;23;7;6;15;1.439;3;6;8;8;7;14;16
1;7;24;Schmidbauer;Mario;5;24;1713;1178;45;51;46;36;46;56;56;34;535;21;55;42;51;27;32;66;47;41;13;43;30;31;54;34;30;39;22;36;26;27;41
1;7;25;Stitzl;Simon;31;25;1637;280;9;2;3;3;4;4;9;2;1;1.357;3;75;5;7;2;4;5;10;5;12;2;47;9;3;3;7;6;5;7;15;11
1;7;26;Barthelmes;Michael;18;26;1483;586;1;2;2;2;8;1;7;1;1;5;1;6;11;9;163;6;30;10;897;5;4;8;8;4;143;125;6;5;2;5;5
1;7;27;Prado Diaz;Robert;27;27;1387;146;3;2;2;2;1;0;1;0;1;2;0;3;6;0;7;2;45;0;4;3;1;2;5;1;43;1.241;0;4;0;2;4
1;7;28;Seidl;Norbert;29;28;1227;214;11;5;10;8;18;1013;7;8;6;4;2;5;29;6;3;3;5;15;5;4;6;4;9;7;8;3;3;7;3;5;5
1;7;29;Mannseicher;Stephan;16;29;1182;297;17;9;14;26;885;22;14;6;9;5;7;5;18;10;4;16;10;8;8;10;7;7;15;10;2;5;5;4;7;6;11
1;7;30;Müller;Alexander;24;30;1181;318;863;12;17;8;21;22;15;5;8;3;11;5;15;8;10;23;10;14;1;13;8;12;16;12;6;6;7;8;8;6;8
1;7;31;Stoib;Andreas;54;31;1123;1123;5;10;6;6;8;2;11;2;2;35;24;87;21;25;19;61;26;15;6;11;35;47;11;13;11;12;364;45;10;164;29
1;7;32;Hort;Hans;39;32;1065;1065;5;2;4;3;9;5;4;1;2;13;144;49;23;21;19;48;31;11;3;31;337;43;13;32;23;17;32;30;23;33;54
1;7;33;Heindl;Andreas;38;33;999;999;3;3;5;3;6;4;6;0;2;8;16;9;13;6;176;34;39;6;263;9;5;13;7;10;138;156;11;10;9;12;17
1;7;34;Schnitzer;Anton;46;34;997;997;5;1;3;2;3;7;3;6;3;6;426;16;11;10;12;21;11;9;3;30;13;14;5;7;9;10;10;10;22;22;287
1;7;35;Baumgartner;Alfons;32;35;898;898;5;3;4;4;3;5;6;4;2;13;8;98;4;16;4;16;11;5;3;11;7;16;10;5;1;3;50;17;4;544;16
1;7;36;Zehetmaier;Robert;61;36;854;854;1;4;7;2;2;3;6;4;1;25;15;24;8;18;6;90;21;24;5;11;21;111;9;11;8;6;255;90;14;35;17
1;7;37;Wegele;Georg;58;37;839;839;6;1;5;2;2;3;2;2;3;4;23;12;12;7;7;7;14;30;4;413;6;13;9;6;4;3;7;7;48;10;167
1;7;38;Fahrenschon;Christian;34;38;726;726;10;12;22;11;11;9;21;11;10;13;53;13;25;25;14;50;24;27;11;16;34;27;31;29;11;6;45;46;19;23;67
1;7;39;Niedermeier;Hans Georg;44;39;701;701;2;6;2;2;1;3;3;0;2;19;27;32;9;41;10;26;10;8;1;12;91;27;5;23;4;6;37;229;8;36;19
1;7;40;Settele;Angela;30;40;677;248;14;10;10;8;6;9;6;429;3;7;10;4;7;6;6;11;12;16;5;11;6;9;11;9;5;9;3;7;3;6;19
1;7;41;Kerer;Tanja;40;41;609;609;2;3;4;1;4;7;6;4;2;12;11;24;9;20;7;36;14;13;6;11;17;35;8;14;5;8;121;146;7;34;18
1;7;42;Thurnhuber;Marinus;56;42;570;570;3;2;2;0;1;3;3;2;3;5;87;17;2;11;2;15;6;7;0;5;268;22;5;7;11;3;15;17;7;16;23
1;7;43;Graf;Michael;37;43;533;533;1;6;1;2;7;9;4;1;4;3;5;2;282;6;6;14;25;69;1;9;4;10;9;5;8;10;9;10;3;4;4
1;7;44;Weigl;Anton;59;44;516;516;2;2;0;1;5;3;1;1;1;3;4;7;7;9;259;10;16;5;16;11;2;6;1;4;38;69;4;4;4;12;9
1;7;45;Fottner;Sebastian;35;45;487;487;6;1;5;6;1;2;6;1;0;7;5;6;15;7;9;9;13;7;5;6;4;8;4;5;268;41;5;3;6;11;15
1;7;46;Eckert;Christian;33;46;472;472;7;3;3;1;4;7;7;1;1;4;3;2;6;280;4;34;8;5;2;5;7;13;13;5;4;3;9;19;4;4;4
1;7;47;Ponert;Dennis;45;47;456;456;2;4;1;0;2;3;7;2;1;16;12;118;6;2;5;7;3;3;3;8;2;9;4;3;6;1;9;3;1;208;5
1;7;48;Stefanutti-Bscheidl;Annelies;50;48;443;443;1;4;5;2;4;1;1;2;1;6;6;26;6;5;13;14;8;12;6;9;6;22;5;0;10;6;16;13;5;215;13
1;7;49;Stadlbauer;Joachim;49;49;428;428;1;1;2;2;2;1;2;2;1;2;5;4;6;4;270;2;6;5;27;6;1;4;5;5;29;16;2;6;0;5;4
1;7;50;Mayr;Robert;41;50;395;395;1;2;2;3;2;2;0;0;1;2;237;4;11;5;5;10;6;8;1;13;12;2;4;4;4;8;3;10;11;4;18
1;7;51;Triebel;Hans;57;51;377;377;3;4;2;0;2;1;0;0;1;1;32;7;4;10;1;13;10;3;1;7;212;3;8;8;1;3;5;17;7;4;7
1;7;52;Gattinger;Johann;36;52;350;350;0;5;5;0;2;3;0;0;0;3;24;3;5;3;3;9;2;2;2;9;5;5;1;4;1;4;0;3;14;4;229
1;7;53;Neugschwender;Matthias;43;53;300;300;2;1;1;2;5;3;2;0;1;2;5;6;53;10;12;9;24;10;1;8;0;2;5;1;35;80;2;0;4;7;7
1;7;54;Steinlehner;Dominik;53;54;291;291;0;3;1;1;0;2;1;0;0;148;1;11;0;0;2;5;9;1;0;4;3;49;2;0;3;1;5;2;0;36;1
1;7;55;Thannheiser;Heinz;55;55;237;237;1;2;1;1;0;0;4;2;1;4;15;2;1;4;1;4;6;7;2;13;3;3;6;7;1;3;3;3;112;4;21
1;7;56;Weiß;Georg;60;56;213;213;9;6;8;10;7;12;12;5;4;6;7;4;7;11;3;10;10;4;3;5;4;1;25;6;3;2;7;5;6;6;5
1;7;57;Sibbers;Ulrich;48;57;205;205;1;4;0;2;2;4;5;1;1;3;9;2;4;5;2;10;2;5;3;5;10;2;3;5;5;0;11;89;5;4;1
1;7;58;Steininger;Dieter;52;58;201;201;1;0;0;0;1;0;0;0;0;0;6;1;0;0;0;2;0;14;0;167;0;0;0;0;3;2;1;0;0;0;3
1;7;59;Schwaiger;Tobias;47;59;153;153;13;1;4;6;3;5;8;4;3;5;13;2;2;3;1;5;5;5;2;5;2;3;4;9;2;4;0;0;3;2;29
1;7;60;Steiner;Benno;51;60;150;150;1;1;1;0;1;5;1;0;0;0;2;2;2;2;0;3;0;2;0;2;5;4;3;0;1;0;17;91;0;3;1
1;7;61;Münzinger;Horst;42;61;84;84;7;3;8;1;7;6;11;1;2;1;2;0;2;3;2;1;0;3;0;3;0;4;5;4;0;0;1;2;2;1;2
1;8;1;Prudlo;Thomas;1;1;8974;7924;325;262;442;416;361;427;278;1050;319;127;295;164;270;245;193;269;222;262;106;343;225;156;308;285;113;169;262;267;214;186;413
1;8;2;Haider;Sonja;2;2;6146;4464;173;177;261;192;215;1682;221;431;168;78;148;64;161;134;73;133;148;171;61;153;101;76;163;154;40;79;132;150;112;77;218
1;8;3;Winter;Dr. Maiken;6;3;4254;1210;28;31;46;40;46;78;37;32;26;23;68;22;31;40;20;29;35;43;10;140;36;13;52;40;16;22;46;43;94;23;3.044
1;8;4;Edenhofer;Agnes;16;4;3508;3508;67;71;117;62;73;123;79;80;68;98;149;70;107;99;92;117;93;100;57;116;87;63;60;95;81;58;88;102;96;59;881
1;8;5;Treffler;Stephan;3;5;3163;920;31;17;25;35;33;44;39;31;29;25;26;19;38;73;19;2.243;76;16;20;41;19;52;31;37;6;17;30;33;14;15;29
1;8;6;Huber;Hans;17;6;2870;1553;27;23;43;31;29;65;36;26;27;1.317;52;149;53;41;36;72;54;32;13;45;32;177;34;40;18;28;84;65;25;133;63
1;8;7;Böhm;Dr. Gwendolyn;8;7;2713;1006;64;66;1707;49;47;74;90;69;73;10;31;7;34;28;14;20;22;24;10;24;16;10;33;42;11;13;19;22;22;11;51
1;8;8;Maier;Ludwig;7;8;2435;750;15;8;17;11;17;23;16;5;5;21;12;13;16;25;19;36;13;19;8;27;24;131;14;9;8;10;158;1.685;9;28;33
1;8;9;Sedlmayr;Robert;10;9;2375;158;0;6;6;5;3;7;4;2;2;1;10;3;2;4;4;3;4;55;0;2.217;0;0;5;2;0;3;2;3;5;2;15
1;8;10;Meißner;Dr. Andreas;9;10;1988;626;21;31;78;29;23;44;1362;24;24;8;16;12;16;17;11;15;21;23;2;21;12;13;22;39;11;8;10;16;16;11;32
1;8;11;Kühn;Anastasia;24;11;1984;944;15;13;19;9;10;22;13;7;12;12;80;7;14;13;11;18;11;18;8;15;11;10;21;10;6;14;12;20;1.040;13;500
1;8;12;Reindl;Rosi;4;12;1981;505;7;8;6;4;4;23;14;8;14;5;15;5;28;1.476;5;43;11;8;7;15;51;16;22;28;5;7;40;84;5;5;12
1;8;13;Kahl;Veronika;23;13;1977;553;35;20;29;34;1424;56;24;26;20;6;11;10;21;10;11;24;10;26;6;16;13;13;16;21;7;9;19;18;10;6;26
1;8;14;Fortner;Josef;13;14;1892;340;4;3;4;5;8;3;3;2;3;4;7;9;5;6;4;2;4;5;0;6;29;4;1;4;7;5;1.552;173;5;24;1
1;8;15;Schabl;Michael;14;15;1746;430;1316;18;42;21;21;30;23;28;25;11;16;3;13;11;10;7;9;17;7;11;8;5;18;10;4;8;15;13;9;4;13
1;8;16;Lechner;Maria;27;16;1710;303;6;5;9;16;13;10;6;7;4;9;11;7;12;15;1.407;10;10;7;31;5;4;6;8;5;22;17;11;9;4;8;16
1;8;17;Retzer;Reinhard;12;17;1650;162;4;2;5;3;3;3;6;6;1;26;0;2;3;9;3;32;1;6;5;3;2;1.488;3;3;1;2;9;8;2;2;7
1;8;18;Gampl;Markus;38;18;1473;67;3;0;2;2;1;0;0;0;2;0;1.406;3;3;2;2;0;0;0;0;2;4;2;3;8;1;1;1;0;16;0;9
1;8;19;Hinz;Christopher;43;19;1416;59;0;1;2;1;0;0;2;0;0;1;2;0;1.357;2;2;4;10;3;0;3;1;1;3;0;5;7;1;3;1;2;2
1;8;20;Bergauer;Felix;44;20;1323;43;1;0;1;0;1;0;0;1;1;0;2;1;6;2;2;5;1.280;0;1;3;0;1;7;2;1;2;0;2;1;0;0
1;8;21;Ebner;Siegfried;30;21;1313;103;2;0;0;0;1;1;0;1;1;0;2;0;16;1;3;3;18;2;1;1;1;5;3;2;33;1.210;0;0;1;3;2
1;8;22;Paiva;Barbara;18;22;1299;285;7;4;12;7;8;10;7;4;8;11;11;1.014;3;10;10;10;14;7;4;7;6;15;7;10;7;5;6;7;7;48;13
1;8;23;Zilker;Benjamin;22;23;1286;218;11;25;22;19;10;12;13;11;1.068;7;10;0;7;7;1;4;4;6;2;8;0;2;5;5;2;3;6;4;4;3;5
1;8;24;Holdt;Christian;19;24;1264;140;3;1;0;0;2;2;3;0;1;24;2;3;4;7;0;2;2;1.124;0;55;1;2;2;1;1;1;4;12;3;0;2
1;8;25;Limmer;Peter;33;25;1246;203;5;8;11;5;5;7;12;2;5;6;11;3;5;6;9;11;9;7;1;4;1.043;3;6;9;2;2;14;10;4;10;11
1;8;26;Kirner;Emilia;5;26;1235;1235;25;27;33;39;37;51;28;31;26;20;38;23;44;28;24;73;303;39;13;29;20;19;37;37;16;32;23;36;21;11;52
1;8;27;Birgelen von;Klaus;29;27;1213;89;5;1124;5;2;4;3;9;7;8;2;4;0;2;1;5;2;5;0;2;3;2;1;4;2;1;0;1;1;4;0;4
1;8;28;Streit;Wilhelm;15;28;1200;170;10;3;14;1;4;7;5;5;6;2;18;1;3;7;2;9;3;8;2;6;2;4;12;1.030;2;3;9;1;7;0;14
1;8;29;Hofmaier;Franz;21;29;1151;544;3;1;0;0;2;4;6;3;2;2;1;1;1;1;112;2;3;4;328;4;0;2;0;1;607;50;1;4;1;3;2
1;8;30;Bader;Hans Leo;47;30;1123;53;2;6;2;1070;8;4;1;4;2;0;2;0;2;1;0;1;2;2;0;2;1;2;2;1;0;1;1;1;1;0;2
1;8;31;Köstler;Raimund;28;31;1073;153;5;1;0;2;5;3;1;3;3;1;2;0;3;2;47;1;1;6;920;2;2;1;2;1;31;21;1;3;2;1;0
1;8;32;Sombach;Hanno;42;32;1073;49;2;3;4;8;0;0;3;2;1;0;3;0;2;2;1;2;1;0;0;8;0;0;1.024;3;0;0;1;0;1;0;2
1;8;33;Kriesche;Sven;31;33;914;73;1;1;0;0;0;0;0;1;0;2;1;44;0;0;0;2;0;0;0;1;2;1;1;0;0;0;12;2;1;841;1
1;8;34;Buchner;Dr. Klaus;61;34;761;761;16;23;37;54;35;29;28;35;15;19;29;27;19;15;16;24;30;26;4;22;18;21;24;26;14;13;23;37;22;15;45
1;8;35;Ruff;Tobias;40;35;705;705;26;23;36;36;40;48;40;66;24;6;23;11;15;16;12;23;19;21;7;22;14;9;32;29;7;5;16;18;17;11;33
1;8;36;Reiter;Wolfgang;48;36;551;551;1;3;5;1;2;1;6;1;5;2;2;2;0;24;1;448;14;1;0;4;1;5;8;2;1;3;2;2;2;0;2
1;8;37;Reinbold;Willi;34;37;539;539;0;1;0;4;2;6;0;1;2;1;1;2;1;3;470;1;1;0;13;3;0;0;1;0;10;4;4;3;1;3;1
1;8;38;Fischer;Richard;39;38;491;491;4;2;6;9;1;2;4;1;4;1;0;2;23;1;3;0;16;1;10;5;2;3;3;2;25;348;2;4;2;1;4
1;8;39;Spannagl;Franziska;37;39;381;381;19;8;15;8;17;63;18;11;9;8;7;3;18;9;13;17;5;16;8;13;7;12;12;14;2;4;5;7;10;7;16
1;8;40;Dirnaichner;Maria;60;40;377;377;5;0;9;1;3;4;2;6;2;25;12;14;7;10;1;10;4;4;3;6;4;44;7;5;2;4;30;48;7;89;9
1;8;41;Lettenmayer;Caroline;59;41;370;370;7;9;15;4;9;16;20;7;12;8;9;6;21;18;16;14;7;14;3;14;9;17;23;16;6;13;8;15;17;5;12
1;8;42;Buttner;Wolfgang;20;42;344;344;9;5;6;4;6;4;3;6;7;0;3;1;4;4;8;6;5;5;6;165;3;2;7;6;0;4;2;2;9;3;49
1;8;43;Lietsch;Fritz;11;43;319;319;2;6;14;4;3;8;7;17;9;2;7;1;2;143;0;5;2;2;4;5;4;6;8;9;4;2;5;15;14;2;7
1;8;44;Heim;Adrian;26;44;301;301;4;2;3;3;10;14;6;6;4;0;1;1;193;6;2;2;3;7;1;1;3;4;5;2;2;2;2;1;1;4;6
1;8;45;Koch;Stephan;52;45;288;288;2;3;3;0;2;0;1;2;1;1;156;2;2;3;4;0;0;5;3;3;44;0;0;4;0;0;9;4;2;2;30
1;8;46;Schmid;Georg;50;46;280;280;0;0;0;1;0;1;0;0;0;18;0;1;0;3;0;4;1;2;0;1;0;233;0;3;0;1;3;3;2;3;0
1;8;47;Stichlmair;Michael;55;47;244;244;3;4;2;6;5;3;3;4;2;0;4;4;7;0;9;8;5;3;4;5;4;6;2;5;109;15;3;5;4;3;7
1;8;48;Kuret;Karin;53;48;224;224;4;2;6;2;5;7;1;8;0;3;9;5;6;3;5;3;2;5;0;86;2;4;2;6;0;3;1;4;9;2;29
1;8;49;Giglberger;Stephan;25;49;223;223;14;42;21;9;5;10;11;6;8;5;5;3;3;10;5;6;7;7;2;3;3;10;4;2;0;3;4;5;5;2;3
1;8;50;Dietzinger;Hermann;36;50;221;221;2;1;3;1;0;8;1;2;1;3;5;131;1;1;2;2;1;1;1;2;2;1;2;1;1;0;6;3;1;35;0
1;8;51;Kreis;Dieter;41;51;176;176;0;1;2;1;1;2;2;0;1;0;1;1;12;0;0;1;2;74;0;63;1;1;2;2;1;0;1;0;2;0;2
1;8;52;Ecke-Bünger;Maria;35;52;175;175;8;9;7;4;8;32;2;10;8;1;7;2;2;6;3;4;9;1;2;3;3;3;5;4;2;6;1;6;4;4;9
1;8;53;Meyer;Wolfgang;54;53;155;155;0;1;0;2;0;1;0;0;0;1;2;0;1;0;35;1;0;1;84;0;0;2;1;0;11;9;0;3;0;0;0
1;8;54;Sachsinger;Sonja;46;54;126;126;10;2;3;5;38;11;8;2;3;0;2;1;6;2;0;3;1;3;1;2;3;2;5;3;1;0;0;4;1;0;4
1;8;55;Knatz;Brigitte;56;55;118;118;0;1;4;0;2;0;4;1;2;0;2;0;13;0;0;1;7;4;0;2;1;1;69;2;0;0;0;1;0;1;0
1;8;56;Siebert;Dr. Regine;51;56;100;100;4;2;1;4;0;4;8;0;3;1;2;2;5;4;1;0;0;4;1;1;1;4;21;10;2;0;4;4;0;3;4
1;8;57;Wiedemann;Thomas;45;57;84;84;2;2;2;0;6;2;0;1;0;2;2;0;4;12;1;0;0;2;0;1;6;1;10;12;0;0;1;10;1;2;2
1;8;58;Böser;Eduard;49;58;81;81;3;0;2;2;1;4;0;0;5;3;1;1;2;2;3;2;0;5;2;3;1;1;5;15;1;0;1;1;10;1;4
1;8;59;Meiser;Stefan;58;59;59;59;0;0;1;0;0;1;0;0;0;1;1;0;0;0;1;2;1;0;0;33;1;1;0;0;0;0;0;0;1;0;15
1;8;60;Deskau;Nicolas;57;60;52;52;6;4;2;2;2;3;2;1;6;1;0;1;0;0;0;0;4;0;0;1;2;1;0;3;2;4;0;1;2;1;1
1;8;61;Potschka;Martin;32;61;41;41;7;1;2;1;3;3;2;3;0;0;1;2;1;2;0;0;1;0;0;0;0;0;1;2;0;0;0;4;2;1;2
1;9;1;Schiller;Arnold;1;1;2898;2536;86;94;162;123;362;111;108;96;109;51;67;42;90;89;60;67;112;119;63;122;55;56;130;92;33;52;63;66;77;61;80
1;9;2;Babelotzky;Jonathan;3;2;1694;1209;485;40;55;53;57;74;47;38;50;18;34;26;37;31;14;48;50;57;26;74;24;24;63;55;15;21;35;36;37;27;43
1;9;3;Ernst;Dr. Hartmut;11;3;1366;910;32;27;25;29;23;26;35;39;21;9;22;26;26;42;8;26;40;32;34;27;44;19;41;31;8;11;456;103;15;64;25
1;9;4;Mayer;Thomas;15;4;1098;678;40;32;38;29;29;40;47;420;20;7;19;13;24;25;11;21;31;32;12;21;9;10;39;32;5;12;13;20;17;13;17
1;9;5;Morgenstern;Christopher;17;5;1078;611;22;467;29;26;23;41;33;26;25;9;16;12;24;19;6;23;29;26;16;33;12;5;27;27;9;11;20;20;19;7;16
1;9;6;Krueger;Dr. Olaf Konstantin;2;6;1065;644;26;23;27;19;97;19;17;21;29;9;14;17;15;18;10;24;16;18;29;23;11;13;9;13;12;5;68;421;15;12;15
1;9;7;Kalipke;Myriam;4;7;1050;617;30;18;30;16;20;31;27;26;32;10;433;6;27;20;11;21;28;17;21;29;20;10;27;22;4;8;17;15;25;11;38
1;9;8;Doppler;Christian;9;8;894;465;12;12;11;5;7;17;11;4;10;7;7;9;16;9;75;13;16;14;429;13;5;6;16;9;54;42;18;10;4;15;18
1;9;9;Welter;Dr. Oliver;24;9;828;314;14;15;16;10;6;13;7;14;7;4;5;1;514;9;7;8;16;33;10;18;8;10;21;7;12;7;11;5;7;7;6
1;9;10;Rösch;Roger;22;10;765;181;6;6;3;7;7;8;4;6;1;3;8;2;2;9;3;7;8;584;7;22;2;2;7;9;3;3;6;7;16;2;5
1;9;11;Belas;Manuel;8;11;747;350;10;17;16;12;16;12;17;15;11;2;11;5;13;12;6;14;8;18;10;13;8;3;29;397;12;9;14;12;6;9;10
1;9;12;Puskeppelies;Nils;21;12;732;170;5;10;14;6;9;562;8;8;4;1;3;4;10;5;1;3;8;5;10;5;3;2;11;6;4;2;3;6;5;5;4
1;9;13;Deuter;Reinhold;5;13;702;389;18;12;15;12;11;15;14;11;17;7;13;8;14;15;15;10;15;17;17;18;5;10;13;10;313;18;16;9;11;7;16
1;9;14;Meyer;Günther;16;14;686;237;14;8;13;8;16;13;449;25;10;1;10;4;12;11;7;8;8;5;6;9;2;2;7;6;2;4;6;6;8;1;5
1;9;15;Knoblich;Thomas;12;15;675;98;4;3;2;2;7;1;1;4;3;4;6;2;5;3;1;7;5;4;5;3;2;3;577;4;5;1;3;1;1;2;4
1;9;16;Prauß;Florian;19;16;656;233;9;2;4;423;2;3;5;6;5;2;10;1;7;6;10;5;7;6;44;8;2;2;9;7;9;35;5;4;4;5;9
1;9;17;Hiesinger;Stefan;25;17;637;144;4;2;3;2;5;5;5;3;4;0;2;5;26;4;4;5;493;2;7;4;1;2;10;5;3;10;4;3;2;8;4
1;9;18;Beinlich;Dorothea;6;18;608;304;12;12;9;8;4;9;8;9;7;304;17;11;12;13;2;17;8;12;8;8;4;35;14;11;4;2;9;7;5;17;10
1;9;19;Lorenz;Stefan;14;19;607;208;9;6;7;8;4;5;9;3;2;4;3;6;3;21;4;399;18;9;5;7;6;11;13;2;4;3;9;6;2;9;10
1;9;20;Kohler;Alexander;13;20;600;196;4;5;5;5;5;5;3;1;2;1;66;3;4;8;0;5;3;6;1;6;3;5;7;7;4;3;6;2;404;2;19
1;9;21;Pfuhl;Carsten;18;21;553;92;2;0;2;3;1;2;2;0;3;0;18;3;1;2;0;0;4;2;2;21;3;1;3;2;0;1;2;1;10;1;461
1;9;22;Seuffert;Daniel;23;22;377;74;1;0;3;3;3;3;0;1;2;4;1;1;3;4;1;16;0;3;3;1;0;303;8;2;0;1;2;4;2;1;1
1;9;23;Emer;Patrick;10;23;223;223;13;11;9;11;17;14;18;13;10;3;5;2;7;5;2;5;7;6;6;6;2;2;9;12;3;2;6;3;4;4;6
1;9;24;Purkart;Michael;20;24;164;164;4;1;0;3;6;1;0;0;2;6;4;1;59;3;1;2;5;28;0;2;3;3;6;2;3;6;3;2;3;2;3
1;9;25;Beinlich;Thomas;7;25;151;151;0;2;2;4;3;3;4;1;0;62;4;4;4;1;1;2;0;4;2;0;2;17;5;3;1;3;4;2;4;4;3
1;11;1;Bergmüller;Franz;1;1;62909;54314;1160;1130;1508;1118;1248;1449;1392;844;666;1.411;2.439;1.722;2.208;2.078;1.925;2.698;2.366;1.901;1.427;2.094;2.698;1.768;1.913;1.895;1.736;1.766;3.826;8.595;1.352;2.299;2.277
1;11;2;Henkel;Uli;2;2;36628;30880;1601;1008;5748;1208;1324;1553;1541;879;686;580;983;594;1.207;818;622;1.080;1.311;1.369;637;1.086;553;833;1.374;1.384;619;764;674;2.117;731;711;1.033
1;11;3;Plenk;Markus;3;3;21647;13934;255;214;438;250;261;335;270;207;181;471;612;2.258;461;371;334;671;603;449;212;538;372;621;323;402;293;359;683;557;342;7.713;591
1;11;4;Hahn;Dr. Ingo;9;4;18010;10388;296;216;525;251;259;444;287;211;144;190;449;216;565;259;201;343;426;7.622;245;741;202;262;475;564;238;278;219;153;917;267;545
1;11;5;Winhart;Andreas;5;5;15606;7342;58;45;119;40;68;53;60;52;23;76;165;153;108;338;92;155;119;110;48;91;497;160;96;103;48;72;8.264;3.667;51;515;160
1;11;6;Cyron;Dr. Anne;22;6;15177;7004;87;77;127;82;93;136;90;82;44;147;8.173;262;187;197;107;228;238;219;112;299;337;292;131;154;132;158;1.241;704;120;507;414
1;11;7;Lipp;Oskar;13;7;14373;5802;23;19;30;26;29;18;29;11;5;33;43;28;80;88;8.571;67;172;31;2.347;65;22;50;38;28;1.022;1.332;32;20;16;33;65
1;11;8;Walbrunn;Markus;8;8;13766;7960;366;248;735;297;381;5806;338;185;151;166;314;140;376;221;159;312;402;379;151;295;104;195;338;303;171;206;192;111;168;231;325
1;11;9;Huber;Martin;6;9;13054;4347;51;55;83;45;63;59;84;61;27;246;144;74;164;165;57;8.707;478;106;50;116;96;902;138;195;86;183;106;125;69;203;116
1;11;10;Imgart;Rüdiger;15;10;12141;3721;41;36;91;54;44;58;47;33;19;45;761;68;99;58;92;102;110;151;70;743;65;95;67;66;89;101;68;58;312;78;8.420
1;11;11;Multusch;Oliver;14;11;12066;4565;42;27;48;45;58;59;40;31;28;1.917;74;113;97;127;47;332;131;88;41;110;51;7.501;54;56;55;62;108;139;53;424;108
1;11;12;Kraus;Johannes;gen. Kraus von Sande;11;12;12004;4559;57;41;87;36;46;61;50;43;34;47;106;66;78;59;1.908;100;153;98;7.445;88;47;73;86;47;400;422;77;49;35;69;96
1;11;13;Groß;Rainer;24;13;11318;4280;105;51;120;74;195;134;59;51;40;67;174;67;164;83;68;172;180;554;76;239;73;132;7.038;179;91;103;57;56;510;102;304
1;11;14;Schwarz;Edeltraud;28;14;10906;2876;55;38;67;67;68;62;67;31;32;76;221;65;160;62;80;157;154;174;47;8.030;45;123;98;71;91;89;75;85;58;117;341
1;11;15;Wilhelm;Christina;7;15;10612;4079;80;54;84;81;71;67;75;47;53;51;120;65;152;73;845;136;158;106;455;167;50;91;91;68;6.533;441;64;58;55;90;131
1;11;16;Kranich;Bernhard;10;16;10531;1789;31;20;29;32;34;28;19;21;18;32;62;30;86;47;59;338;8.742;68;48;71;26;44;55;30;71;258;29;39;36;65;63
1;11;17;Steier;Christoph;4;17;9878;2466;42;47;99;74;155;161;63;34;26;22;74;30;7.412;56;49;83;158;415;43;141;35;50;142;47;57;84;46;36;48;78;71
1;11;18;Sturm;Hilmar;29;18;9809;4195;32;24;28;25;29;47;23;20;7;23;34;23;96;5.614;970;74;153;62;698;112;24;68;65;42;711;597;31;42;23;49;63
1;11;19;Teich;Tobias;30;19;9683;1945;15;16;15;15;13;23;24;13;6;15;63;17;84;23;297;64;316;30;136;43;24;25;21;17;471;7.738;12;23;21;30;73
1;11;20;Schwembauer;Thomas;19;20;9047;2960;52;38;52;56;57;66;43;36;24;6.087;46;299;60;58;45;75;92;88;54;54;32;902;75;46;42;45;57;50;30;320;66
1;11;21;Wassill;Iris;31;21;8929;3286;154;256;238;140;136;149;5643;79;78;73;103;64;114;76;62;117;141;147;76;156;61;107;166;118;59;60;57;46;71;61;121
1;11;22;Groß;Michael;18;22;8328;2877;119;127;231;252;5451;200;148;113;63;41;65;33;153;63;43;72;125;152;41;74;27;64;237;79;35;57;46;34;44;48;91
1;11;23;Schosnowski;Jens;17;23;7477;1080;8;16;19;11;18;11;18;10;5;41;35;6.397;23;15;19;42;35;28;25;28;18;48;30;14;22;17;57;23;6;408;30
1;11;24;Bößenecker;Misha;20;24;7018;1865;5153;80;161;91;104;100;112;59;61;34;58;29;81;59;34;40;73;104;49;70;25;43;87;66;26;41;31;23;37;43;44
1;11;25;Hastreiter;Thomas;16;25;6999;2342;108;70;184;4657;230;161;101;93;47;27;59;29;133;46;34;94;97;109;52;66;28;55;121;98;32;51;59;37;22;38;61
1;11;26;Riediger;Ulrich;27;26;6801;446;10;9;42;7;3;12;14;12;3;7;65;5;8;17;6;6;13;22;9;22;13;19;35;6.355;4;12;8;9;14;9;31
1;11;27;Radtke;Klaus;26;27;6637;1219;18;17;27;14;24;18;25;9;10;16;149;15;21;13;13;20;28;80;15;127;20;16;27;57;13;17;11;8;5.418;18;373
1;11;28;Bolle;Rainer;21;28;6334;889;8;10;25;11;9;8;15;9;11;8;415;7;15;11;9;20;17;20;4;19;5.445;12;13;30;11;17;22;16;6;15;96
1;11;29;Biedermann;Wilfried;12;29;6160;1943;29;4217;83;30;24;54;279;20;34;10;28;19;51;234;21;205;74;36;15;37;17;38;438;28;18;12;26;19;23;19;22
1;11;30;Helmer;Matthias;25;30;5227;1886;90;58;129;132;107;111;79;3341;56;31;58;21;92;46;25;57;84;101;23;84;24;57;83;79;21;39;23;33;30;37;76
1;11;31;Fuchert;Bruno;23;31;4141;1505;70;62;121;66;66;66;186;67;2.636;21;37;21;46;42;20;41;61;73;23;48;19;31;66;47;26;41;17;26;24;27;44
1;12;1;Schütt;Ulrike;1;1;396;301;12;15;7;6;10;11;11;10;8;4;11;4;9;13;6;19;11;7;6;14;6;11;95;22;4;6;8;17;13;7;13
1;12;2;Reich;Dr. Peter;2;2;248;171;9;77;9;4;5;7;13;10;8;6;5;4;7;1;2;6;9;5;4;7;3;1;20;4;1;2;8;1;6;3;1
1;12;3;Wächter;Andre;3;3;151;110;5;11;5;4;8;9;6;41;1;3;4;1;1;2;2;5;5;1;3;2;3;1;6;7;2;4;0;3;0;4;2
1;12;4;Schalamow;Silvia;18;4;89;48;2;0;2;1;0;1;1;2;1;4;6;1;1;0;1;1;1;2;1;1;2;4;3;41;2;1;1;2;0;1;3
1;12;5;Werner;Dr. Klaus-Jürgen;7;5;85;26;59;1;1;1;2;0;2;0;0;3;0;0;2;2;2;1;0;2;1;0;0;1;0;1;0;1;1;1;1;0;0
1;12;6;Decker;Dr. Wolfgang;9;6;82;82;3;4;7;1;3;1;2;2;4;1;4;2;1;2;1;1;1;5;0;1;2;7;6;2;0;5;4;2;3;1;4
1;12;7;Müllerke;Henning;4;7;56;56;3;1;3;2;3;2;2;0;1;1;11;0;2;0;1;3;0;0;0;1;0;2;2;0;1;3;2;3;1;2;4
1;12;8;Lochmiller;Stefan;5;8;56;56;2;3;3;2;0;3;3;2;4;1;2;2;2;1;1;1;4;3;1;0;1;0;4;1;2;1;1;1;1;2;2
1;12;9;Grevé;Heike;13;9;52;52;0;1;3;0;0;1;1;1;1;0;0;0;3;2;4;3;2;2;10;5;0;2;2;0;3;1;1;1;1;2;0
1;12;10;Ritz;Wolfgang;11;10;44;44;2;8;0;1;0;3;5;1;0;2;0;2;1;1;1;1;1;4;0;3;1;1;3;0;1;1;0;1;0;0;0
1;12;11;Bieler;Steffen;14;11;40;40;0;4;2;3;2;0;0;0;1;1;0;1;1;1;0;1;4;0;0;1;2;2;4;1;2;1;1;0;0;5;0
1;12;12;Kuss;Dr. Karl-Ludwig;6;12;38;38;1;0;0;0;1;1;0;1;0;3;1;1;1;1;2;1;4;0;1;2;0;0;6;1;1;3;0;1;1;1;3
1;12;13;Seer;Anton;8;13;36;36;2;0;0;0;2;0;1;0;2;0;1;1;0;3;1;1;2;0;0;2;1;0;1;5;1;0;0;1;2;1;6
1;12;14;Zygan;Dr. Klemens;10;14;35;35;3;2;2;0;5;0;3;2;1;2;0;0;0;0;2;1;1;2;0;0;0;1;3;0;0;1;1;1;0;1;1
1;12;15;Neufahrt;Eva-Marie;12;15;30;30;0;4;0;0;0;0;1;0;0;0;1;0;0;4;0;0;3;0;0;0;0;2;13;0;0;1;0;0;0;1;0
1;12;16;Ax;Carsten;15;16;24;24;1;0;0;1;0;0;0;3;0;0;2;1;0;0;0;1;2;0;0;1;1;0;6;0;0;1;1;1;1;1;0
1;12;17;Gehrig;Markus;17;17;23;23;2;0;1;0;0;0;0;1;0;0;1;0;0;2;0;0;1;1;0;1;0;0;0;2;2;0;0;2;3;1;3
1;12;18;Grevé;Julius;16;18;18;18;0;0;0;0;0;0;0;0;0;0;2;0;0;1;0;0;0;1;1;0;0;0;1;0;0;1;0;0;0;0;11
1;13;1;Stamm;Claudia;1;1;6643;5796;196;178;351;230;182;188;230;224;847;122;225;135;137;239;113;113;223;190;77;218;212;104;281;262;70;105;245;277;184;201;284
1;13;2;Lessenich;Dr. Stephan;2;2;1383;981;30;37;74;71;36;33;33;402;265;5;18;16;22;21;7;19;19;30;7;29;20;8;25;24;7;7;21;16;31;16;34
1;13;3;Erdmann;Jens;6;3;763;391;12;372;31;19;18;18;18;12;25;11;8;9;12;23;9;7;15;16;7;17;6;4;14;9;4;5;13;13;10;9;17
1;13;4;Kunst;Marie-Luise;11;4;708;247;7;13;18;12;3;4;6;10;30;3;13;2;10;9;6;1;5;16;8;6;6;6;12;4;4;1;461;11;5;6;10
1;13;5;Heidegger;Mirella;13;5;674;39;0;0;1;2;1;0;1;2;0;0;0;0;2;0;0;1;0;24;1;635;1;0;0;0;0;1;0;0;2;0;0
1;13;6;Glück;Hans;60;6;615;615;8;14;12;8;10;16;7;15;37;44;15;127;14;13;10;8;17;18;9;20;16;18;14;11;4;9;15;16;7;64;19
1;13;7;Faust;Harald;8;7;540;62;6;0;478;3;2;1;2;1;9;2;3;2;3;3;1;3;0;1;1;2;0;5;2;1;1;0;1;0;3;2;2
1;13;8;Teifel;Sabrina;7;8;534;90;6;2;1;2;4;0;1;1;2;4;2;20;2;3;0;2;2;1;1;5;2;2;0;1;1;2;3;6;4;444;8
1;13;9;Pflaum;Dr. Stephan;4;9;526;127;8;4;8;3;4;5;11;8;11;2;2;0;4;10;1;4;3;3;1;3;3;1;399;6;0;1;8;4;1;3;5
1;13;10;Putzier;Heiner;45;10;513;24;0;0;1;1;0;0;0;0;0;0;5;0;0;0;1;0;0;0;1;11;1;1;0;1;0;0;0;0;1;0;489
1;13;11;Altenburger;Joseph;18;11;508;50;0;0;3;1;1;0;1;1;1;0;1;4;1;3;0;0;0;2;0;0;6;1;1;2;0;0;14;458;1;4;2
1;13;12;Held;Afra;9;12;474;86;5;1;1;2;2;2;0;6;11;1;2;0;3;388;2;2;4;3;0;2;4;2;8;3;2;0;3;8;2;3;2
1;13;13;Capric;Katharina;5;13;439;44;1;0;6;3;0;1;1;1;2;1;0;1;2;2;0;5;395;0;1;3;0;1;3;1;0;1;1;2;1;3;1
1;13;14;Linke;Jörg;10;14;437;115;3;4;14;4;5;4;6;8;22;0;1;0;0;3;0;1;1;1;0;2;3;1;20;322;0;2;2;1;2;2;3
1;13;15;Mayr;Maria;15;15;430;48;0;0;0;1;0;1;0;3;3;1;1;382;5;1;1;0;1;1;3;2;0;2;0;0;0;0;2;3;0;16;1
1;13;16;King;Tim;14;16;429;109;3;2;5;4;0;6;12;3;7;2;3;2;4;7;2;3;5;1;0;2;3;1;22;3;1;1;1;3;320;0;1
1;13;17;Ellen;Marion;3;17;425;97;328;3;8;4;5;6;3;4;18;3;0;1;2;5;1;2;4;1;0;4;2;1;2;3;0;1;0;4;4;3;3
1;13;18;Maier;Manfred;27;18;405;75;0;3;0;0;2;0;1;0;4;1;3;2;0;4;1;0;1;330;1;2;2;1;1;1;0;1;22;15;2;2;3
1;13;19;Ziegler;Sabine;26;19;387;50;3;0;3;1;0;2;337;0;2;0;1;1;3;1;0;3;2;1;1;3;3;3;6;5;0;1;0;1;0;2;2
1;13;20;Kralik;Manuel;31;20;340;21;0;2;5;0;0;0;2;0;1;0;0;0;0;1;0;2;1;1;0;0;319;1;0;2;0;0;1;2;0;0;0
1;13;21;Maier;Thomas;20;21;338;47;0;1;1;3;1;2;0;0;2;291;0;2;0;2;2;2;1;0;0;0;0;13;0;1;0;3;1;4;0;5;1
1;13;22;Schweiger;Axel;16;22;331;34;1;1;5;297;3;2;2;1;3;0;1;2;0;1;0;1;0;0;1;1;1;2;1;1;0;0;0;1;1;1;1
1;13;23;Krüger;Hans-Joachim;23;23;310;18;1;0;1;0;0;1;0;1;2;0;1;2;292;0;0;1;0;0;1;1;1;0;0;2;0;1;1;1;0;0;0
1;13;24;Ronge;Khando;19;24;303;33;0;1;0;1;0;1;2;0;0;1;270;2;1;0;1;0;0;2;0;1;1;0;1;1;0;0;14;0;0;3;0
1;13;25;Hölscher;Dietmar;25;25;286;21;0;2;1;1;265;0;1;2;0;0;0;0;0;2;0;2;1;1;2;2;1;0;0;1;0;0;0;0;1;0;1
1;13;26;Ortmann;Marc;12;26;127;127;5;2;4;7;5;1;4;9;11;3;3;2;9;3;2;1;7;6;3;1;4;3;5;3;2;0;6;5;2;3;6
1;13;27;Felsner;Sebastian;21;27;126;126;6;6;7;6;5;5;7;4;5;1;7;4;4;8;1;0;7;6;0;4;2;2;4;5;1;2;7;2;3;3;2
1;13;28;Untergruber;Corinna;48;28;117;117;3;4;5;3;1;1;4;1;3;7;0;2;0;2;3;3;4;5;2;6;7;4;3;1;0;4;3;22;0;11;3
1;13;29;Schönweitz;Angela;36;29;110;110;4;6;7;13;6;6;5;3;5;4;2;1;1;1;0;1;4;1;2;8;3;2;0;4;2;1;4;1;3;4;6
1;13;30;Dietrich;Michaela;24;30;105;105;5;2;0;2;2;0;1;1;4;2;2;1;1;4;0;2;2;2;0;4;4;1;4;1;1;1;11;31;1;6;7
1;13;31;Rothbauer;Julia;17;31;99;99;4;2;4;1;1;5;1;3;1;1;3;4;4;3;2;0;4;5;1;9;3;1;1;4;0;0;1;3;13;1;14
1;13;32;Heidegger;Martin;37;32;97;97;1;0;2;0;3;1;2;1;4;1;0;0;5;4;1;2;0;22;0;34;1;2;1;3;0;1;3;0;3;0;0
1;13;33;Hudler;Stefan;35;33;95;95;1;1;2;1;2;0;2;1;2;1;0;1;3;4;2;2;51;0;0;2;0;1;3;1;0;2;1;4;0;1;4
1;13;34;Philippczik;Dr. Gabriele;32;34;86;86;1;1;2;2;1;0;1;1;4;2;2;2;5;1;2;1;3;3;2;3;3;1;3;1;0;1;15;14;1;6;2
1;13;35;Schreiner;Dr. Julia;28;35;81;81;4;1;5;4;5;3;3;4;16;1;3;1;1;3;0;0;3;1;0;3;0;0;1;2;0;3;2;3;4;3;2
1;13;36;Geiger;Berthold;39;36;73;73;3;1;2;0;2;0;0;0;4;18;3;0;2;2;3;1;1;1;0;3;5;3;3;1;0;2;4;0;2;7;0
1;13;37;Epp;Sebastian;49;37;70;70;2;0;4;4;2;0;4;4;5;0;4;0;1;0;0;0;2;7;0;20;1;0;2;3;1;1;1;0;1;0;1
1;13;38;Schulz;Christiane;46;38;67;67;2;0;5;4;5;2;4;0;4;1;2;0;3;3;0;1;1;1;1;2;4;2;2;0;0;0;7;4;3;2;2
1;13;39;Schweda-Möller;Anna;30;39;60;60;6;3;3;3;4;2;4;4;7;1;1;0;1;0;0;2;2;1;0;3;2;2;0;2;4;0;1;1;0;1;0
1;13;40;Pancur;Andrea;40;40;59;59;2;2;6;3;3;3;1;4;9;2;0;1;2;1;0;0;2;0;1;1;0;0;0;2;2;0;1;2;4;3;2
1;13;41;Estner;Karin;22;41;57;57;2;0;2;1;1;1;0;1;1;1;6;0;0;0;0;1;0;0;1;3;1;1;0;0;1;0;0;1;20;1;11
1;13;42;Eslami;Franziska;44;42;56;56;1;2;2;2;0;0;1;4;1;1;3;1;3;2;0;0;0;1;0;1;3;2;1;0;0;1;11;6;2;3;2
1;13;43;Heinz;Dr. Jana;50;43;54;54;1;1;4;3;5;3;1;2;7;0;2;2;4;1;0;1;1;2;1;1;2;1;1;2;0;0;2;2;1;0;1
1;13;44;Wild;Anne;56;44;49;49;0;1;5;1;0;0;2;4;10;3;2;0;2;2;0;0;1;0;0;1;1;0;0;3;1;0;1;2;2;2;3
1;13;45;Schnitzenbaumer;Sebastian;55;45;46;46;0;1;4;2;1;3;0;5;5;2;1;1;1;2;1;1;0;1;1;2;1;1;1;2;0;0;1;2;0;3;1
1;13;46;Balser;Irmgard;38;46;39;39;0;0;1;0;0;1;2;2;1;2;0;1;1;0;0;2;0;0;0;0;0;0;0;0;0;1;11;1;0;12;1
1;13;47;Eilers;Stefanie;42;47;38;38;0;1;0;0;0;0;0;0;2;0;0;0;1;1;0;3;27;0;0;1;0;0;0;0;1;0;0;0;1;0;0
1;13;48;Wiesinger;Stefan;47;48;37;37;1;2;0;0;0;0;0;0;1;0;1;0;0;0;0;1;0;3;0;6;0;0;2;1;0;1;2;0;10;2;4
1;13;49;Ullrich;Dr. Dieter;51;49;34;34;1;1;0;0;1;0;0;0;0;0;1;0;17;2;0;2;2;0;0;0;0;1;0;0;0;0;0;1;1;2;2
1;13;50;Gaßner;Werner;33;50;32;32;1;0;3;0;1;3;1;3;9;0;0;1;3;1;0;0;1;1;0;0;0;0;3;0;0;0;0;0;0;0;1
1;13;51;Martschink;Andrea;34;51;32;32;2;2;2;1;2;1;1;0;1;0;2;2;0;1;0;0;3;1;0;0;0;0;0;2;2;0;2;1;1;0;3
1;13;52;Ferraro;Massimo;29;52;31;31;3;3;4;0;0;2;1;1;3;0;0;3;0;1;0;1;2;0;0;2;1;0;0;0;0;0;0;2;2;0;0
1;13;53;Voß;Daniela;54;53;31;31;1;0;4;0;0;0;0;2;5;0;2;1;0;3;0;1;1;0;0;1;1;0;1;3;0;0;0;0;0;3;2
1;13;54;Meineke;Torsten;58;54;28;28;5;1;2;2;0;1;0;1;5;1;0;0;0;1;1;0;0;2;0;0;1;1;1;1;0;0;1;1;0;0;0
1;13;55;Britz;Nicole;59;55;28;28;1;1;3;0;1;2;1;2;3;0;0;1;0;1;0;2;0;0;1;0;0;0;2;3;0;1;0;0;2;0;1
1;13;56;Natrath-Bronner;Janna;52;56;23;23;0;1;0;0;0;2;0;0;3;0;0;0;0;0;0;0;1;0;0;4;0;0;0;0;0;0;0;0;5;1;6
1;13;57;Warning;Wilhelm;57;57;23;23;2;0;2;3;2;1;1;1;1;0;0;2;1;0;0;0;0;0;0;0;0;0;2;0;0;1;0;1;3;0;0
1;13;58;Geerken;Thorsten;41;58;19;19;1;1;4;0;0;1;0;0;4;0;2;1;1;0;0;0;0;0;0;0;0;1;2;0;0;0;0;1;0;0;0
1;13;59;Miller;Wolfgang;43;59;19;19;0;0;2;0;1;0;0;0;5;0;1;1;0;0;1;0;0;0;0;2;0;0;0;0;0;0;0;1;0;4;1
1;13;60;Aschauer;Klaus;53;60;8;8;0;0;0;0;0;0;0;0;0;0;0;1;1;0;0;0;1;0;0;0;0;1;1;1;0;0;0;0;1;0;1
1;14;1;Knöferl;Matthias;1;1;1284;1125;55;31;44;48;36;48;40;47;47;22;28;9;43;46;47;21;54;46;159;46;27;27;54;41;30;27;31;31;37;28;34
1;14;2;Höckmeier;Isabella;5;2;390;390;16;7;16;12;8;17;21;9;17;9;10;6;17;15;11;11;7;14;18;26;6;8;11;15;13;15;14;15;6;9;11
1;14;3;Giebelen;Caroline;3;3;373;373;15;19;22;18;15;15;25;23;22;5;12;6;11;7;7;8;10;15;8;27;7;4;16;11;1;3;12;6;13;4;6
1;14;4;Giesemann;Daniel;4;4;345;345;20;9;20;24;21;11;8;8;18;6;3;5;8;15;3;8;11;23;10;16;12;5;17;11;5;3;11;9;8;5;12
1;14;5;Eckert;Michael;2;5;230;230;4;4;4;7;7;4;12;4;5;0;4;4;4;1;14;3;11;10;78;5;3;2;7;6;5;2;5;5;2;2;6
1;14;6;Schulz;Manuel;8;6;182;182;7;4;8;10;7;7;9;9;5;1;6;4;3;1;2;6;7;3;2;5;13;2;7;9;1;3;6;12;4;10;9
1;14;7;Wierer;Markus;9;7;157;157;11;7;12;8;13;3;4;4;2;3;4;3;4;1;3;10;10;6;2;5;2;6;8;3;0;1;8;6;4;1;3
1;14;8;Horn;Christian;11;8;130;130;0;6;7;3;2;4;3;3;2;2;20;3;5;5;3;1;12;3;2;6;3;2;5;2;3;2;3;3;2;1;12
1;14;9;Wachter;Wolfgang;10;9;92;92;3;2;5;3;2;0;3;3;1;3;4;4;4;0;1;5;25;5;1;4;1;3;4;0;0;0;3;2;0;0;1
1;14;10;Larch;Sascha;6;10;79;79;7;1;4;4;3;3;2;2;3;2;0;2;3;0;2;0;3;3;4;7;2;0;2;5;2;2;4;1;2;1;3
1;14;11;Ratzmann;Martin;7;11;59;59;3;3;6;2;3;3;0;1;4;2;0;0;0;4;2;0;0;1;0;1;2;2;5;4;1;3;3;2;0;0;2
1;15;1;Lutz;Christian;1;1;4027;3482;150;97;171;158;96;127;114;138;150;56;545;96;94;134;89;123;162;120;115;192;67;73;138;111;65;85;119;92;98;109;143
1;15;2;Bruckner;Gerd;4;2;1227;555;57;20;672;33;21;24;40;21;49;8;18;9;18;11;9;16;23;29;15;25;4;8;11;29;6;8;9;8;14;6;6
1;15;3;Krüger;Ricarda;11;3;1146;371;6;4;11;10;8;17;12;6;4;4;10;16;7;13;13;6;11;6;6;7;19;10;6;8;9;8;775;97;4;23;10
1;15;4;Neuwirth;Kevin;6;4;1074;263;6;1;14;7;8;11;8;15;8;2;8;4;4;15;7;25;811;5;6;15;6;7;15;11;6;5;5;8;7;10;14
1;15;5;Schwab;Peter;19;5;939;464;12;9;28;22;16;13;16;14;19;6;24;11;8;16;11;15;17;14;17;17;7;14;8;8;9;6;55;475;13;21;18
1;15;6;Burneleit;Marie;3;6;916;541;26;18;48;39;23;29;375;23;36;6;18;5;17;21;12;17;16;19;13;19;12;12;17;17;8;9;16;8;13;10;14
1;15;7;Brunner;Simon;24;7;871;245;7;5;7;6;0;4;8;8;2;11;11;11;1;626;7;10;16;9;13;16;7;6;4;5;6;7;9;20;5;15;9
1;15;8;Waritschlager;Josef;25;8;851;851;18;10;34;19;10;23;9;13;15;171;25;34;20;16;27;27;32;15;21;23;10;68;12;24;14;18;35;31;18;41;18
1;15;9;Tischer;Felix;23;9;790;104;1;2;3;0;1;1;8;2;1;1;1;0;2;2;686;1;4;4;29;1;2;1;3;2;11;13;3;0;1;0;4
1;15;10;Reindl;Lukas;12;10;780;333;20;5;33;21;13;13;17;447;9;2;15;5;7;14;12;13;14;10;10;15;5;4;14;3;8;10;9;8;9;10;5
1;15;11;Gutbrod;Thomas;2;11;779;312;4;3;21;6;11;8;23;6;7;4;70;2;15;11;4;13;8;5;7;8;9;6;8;467;2;6;14;5;6;8;12
1;15;12;Schwarzbauer;Maxi-Paula;5;12;715;715;28;11;34;37;16;18;36;15;18;6;26;15;23;19;29;17;40;17;41;25;13;11;21;24;73;33;11;10;13;12;23
1;15;13;Tresselt;Rüdiger;10;13;689;228;6;6;18;461;17;6;11;10;7;5;11;5;7;7;4;2;7;9;7;16;7;1;1;7;6;6;17;7;4;2;9
1;15;14;Sandner;Bernd;16;14;682;192;0;1;2;1;0;1;3;2;2;1;1;3;3;1;49;1;0;3;490;1;2;0;0;5;96;12;0;1;0;0;1
1;15;15;Blei;Christian;7;15;653;101;3;1;5;3;2;4;3;3;0;4;3;0;4;2;5;0;5;4;26;4;1;4;1;0;552;2;3;3;1;3;2
1;15;16;Kuliberda;Markus;22;16;635;67;3;2;4;1;2;1;0;2;0;2;1;0;0;11;2;568;13;8;1;1;2;1;2;1;0;0;2;1;1;0;3
1;15;17;Wallner;Max;15;17;585;76;2;2;2;2;2;2;2;0;0;0;0;0;5;1;10;1;8;0;13;3;2;0;1;2;2;509;5;1;4;1;3
1;15;18;Trapp;Samuel;9;18;468;468;24;10;48;30;26;13;23;22;28;2;5;6;10;15;13;15;13;17;13;21;4;9;14;20;6;7;12;6;10;12;14
1;15;19;Fießler;Andreas;21;19;435;435;10;9;15;13;11;15;18;12;9;6;16;8;5;25;14;18;23;17;17;22;6;9;40;15;4;14;17;13;9;11;14
1;15;20;Pschigoda;Alexander;13;20;351;44;2;3;4;0;307;5;1;2;0;1;1;1;0;0;0;1;1;2;2;3;1;0;5;1;2;3;0;2;0;0;1
1;15;21;Meyer;Jan;14;21;298;298;13;11;31;18;13;11;16;13;12;5;9;4;4;14;5;4;8;11;10;11;4;4;7;8;5;9;7;2;8;5;16
1;15;22;Zalesjak;Morris;17;22;172;172;6;5;7;3;5;6;7;2;3;2;3;1;30;1;3;7;10;16;4;8;1;4;3;7;5;0;4;7;4;3;5
1;15;23;Pyttlik;Oliver;8;23;156;156;2;0;5;2;5;3;4;4;1;4;3;1;6;2;2;50;19;1;2;5;1;3;5;1;1;5;5;2;5;2;5
1;15;24;Wieland;Markus;20;24;151;151;8;5;12;6;6;5;10;5;8;0;6;4;5;5;2;4;8;4;2;2;5;2;1;5;2;2;3;4;8;5;7
1;15;25;Decker;Andreas;18;25;129;129;0;0;0;0;1;3;0;0;1;1;0;0;1;3;2;8;88;2;2;4;0;0;2;0;2;3;3;2;0;0;1
1;16;1;Akman;Dr. Kemal;1;1;1780;1780;47;50;58;54;41;53;55;34;39;56;72;55;67;56;58;66;74;65;71;72;48;41;75;32;45;57;55;56;42;60;126
1;16;2;Szalay;Stefan;4;2;438;438;14;13;20;17;7;11;15;12;7;15;6;15;18;27;9;11;14;21;12;25;10;7;29;11;7;11;8;14;15;22;15
1;16;3;Schippl;Peter;3;3;311;234;10;4;10;5;8;9;5;77;4;9;11;5;13;4;9;9;11;5;8;9;7;9;7;8;8;5;3;12;6;8;13
1;16;4;Putze;Alexander;5;4;285;285;1;4;6;6;4;4;5;2;3;13;6;4;12;8;15;24;7;4;6;14;9;40;12;1;11;6;8;11;7;20;12
1;16;5;Heubusch;Barbara;2;5;277;277;11;5;11;8;5;9;5;13;6;4;7;9;10;11;18;9;6;13;10;15;7;8;13;7;6;3;8;13;4;9;14
1;17;1;Frank;Thomas;1;1;5387;4828;163;138;190;168;157;158;559;103;109;121;168;140;190;161;144;179;197;211;108;251;163;128;220;156;117;95;163;142;166;216;206
1;17;2;Wittmann;Dr. Susanne;12;2;4273;3598;149;92;181;675;123;129;117;61;77;74;133;90;165;106;99;105;127;208;85;157;107;92;197;116;81;100;110;102;127;152;136
1;17;3;Reithmayer;Elisabeth;6;3;2729;1623;53;41;57;47;45;37;51;29;28;33;70;53;54;56;63;78;64;95;30;79;49;57;1.106;52;43;48;43;44;44;107;73
1;17;4;Wied;Alexander;11;4;2531;1610;40;30;53;61;41;41;32;18;27;45;46;59;209;45;46;64;67;921;25;74;47;56;79;29;43;56;38;56;36;71;76
1;17;5;Lasan;Marie Ann;4;5;1895;1895;76;43;79;112;67;54;66;35;52;29;54;43;83;73;44;71;70;95;33;83;61;47;99;53;36;39;56;48;46;72;76
1;17;6;Jannicke;Meike;2;6;1597;927;670;29;57;47;32;29;130;21;27;11;31;20;26;29;18;30;34;40;17;54;16;21;25;21;14;21;17;13;28;22;47
1;17;7;Reithmayer;Manfred;7;7;1586;769;25;19;22;23;16;15;31;7;13;10;29;23;29;25;17;18;25;32;4;32;18;19;187;13;15;11;18;17;29;817;27
1;17;8;Krämer;Michael;3;8;1474;553;24;12;28;23;17;27;32;10;14;12;28;20;921;19;7;19;21;33;7;19;14;6;22;16;8;14;21;25;16;18;21
1;17;9;Weiser;Stephanie;10;9;1066;349;19;10;717;15;18;11;16;6;9;5;6;9;14;6;10;15;17;23;8;10;12;7;24;8;7;14;9;9;9;7;16
1;17;10;Schwarz;Bernhard;8;10;1008;487;20;10;20;26;521;23;21;8;11;10;17;5;19;19;10;19;21;26;9;19;15;9;26;9;16;12;16;7;13;21;30
1;17;11;Mindt;Elisabeth;5;11;713;713;14;8;14;20;11;12;17;4;9;13;11;15;12;26;12;16;19;17;10;12;52;6;32;22;13;12;101;123;16;42;22
1;17;12;Stoyhe;Kim;9;12;383;383;5;7;9;14;5;4;4;4;1;2;12;11;12;8;7;11;8;111;7;41;4;7;12;10;4;7;8;4;10;14;20
1;18;1;Rustler;Christine;1;1;1719;1484;38;36;59;51;54;49;49;50;235;28;45;41;49;44;47;34;39;69;42;72;38;53;60;33;30;50;58;56;54;47;109
1;18;2;Seewald;Maike;18;2;586;74;1;2;1;2;1;3;2;1;2;1;9;1;0;3;3;1;0;3;2;16;5;3;0;1;1;2;1;0;6;1;512
1;18;3;Lippa;Magdalena;5;3;553;312;8;8;13;16;11;12;5;6;17;24;5;5;5;7;8;8;19;11;5;20;10;241;19;5;0;10;5;8;10;11;21
1;18;4;Preisinger;Jürgen;4;4;491;234;9;9;6;8;8;12;6;4;7;5;6;2;9;10;6;16;8;10;5;7;6;6;10;257;6;7;10;9;7;8;12
1;18;5;Arnold;Dr. Till;13;5;473;310;14;10;17;12;10;8;163;14;16;6;13;6;13;7;6;10;13;19;9;9;7;7;19;10;4;7;9;7;8;8;12
1;18;6;Meinen;Antje;9;6;460;199;9;8;1;5;6;2;2;3;5;6;8;5;5;5;24;2;9;5;261;10;0;3;5;6;12;17;5;9;6;5;11
1;18;7;Lange;Gregor;17;7;423;177;5;7;11;3;6;8;6;7;6;5;7;6;3;5;3;4;11;5;11;7;4;5;5;3;2;8;6;3;246;1;14
1;18;8;Hackbarth;Jürgen;8;8;410;248;4;1;9;5;2;5;3;162;5;3;5;3;4;5;21;9;5;8;63;3;3;3;4;7;13;16;9;1;9;9;11
1;18;9;Mittelmaier;Marianne;22;9;409;409;13;3;14;5;6;12;10;7;11;4;38;11;9;12;9;11;12;16;15;15;14;16;13;12;2;14;11;7;15;14;58
1;18;10;Berchtold-Benchieb;Christine;14;10;397;175;6;7;9;2;3;8;9;4;5;2;7;4;7;9;2;6;5;222;4;10;5;5;5;6;1;4;6;8;12;5;9
1;18;11;Lange;Henrik;2;11;382;176;6;4;206;10;4;7;7;6;36;4;4;4;4;2;2;6;2;2;2;8;2;3;7;9;4;6;5;4;9;2;5
1;18;12;Krätschmer;Markus;6;12;335;97;1;5;3;5;6;2;3;2;4;0;5;3;1;16;1;238;4;3;0;3;2;6;1;5;4;1;1;2;0;1;7
1;18;13;Capan;Yasemin;10;13;326;88;0;0;2;5;6;1;4;1;5;5;4;2;2;238;0;16;3;2;1;3;1;2;3;3;3;5;2;2;1;1;3
1;18;14;Preisinger;Maximilian;11;14;319;85;1;2;2;1;1;234;14;2;1;0;3;0;2;8;0;2;0;1;1;1;3;2;6;21;1;2;2;3;0;0;3
1;18;15;Steinacher;Sebastian;19;15;314;46;0;0;1;0;2;0;2;2;1;1;4;1;4;0;5;2;2;0;5;2;1;2;1;0;4;268;1;0;0;2;1
1;18;16;Mittelmaier;Roland;15;16;310;52;2;2;3;4;2;0;1;1;1;1;258;0;0;1;2;1;3;1;2;5;1;1;0;1;1;0;0;2;4;1;9
1;18;17;Preisinger;Susanne;7;17;260;119;1;1;8;3;141;6;7;1;4;3;3;2;2;4;1;3;5;4;4;2;4;3;4;20;0;2;2;4;2;6;8
1;18;18;Lorko;Henrietta;12;18;239;36;0;203;2;2;1;3;3;2;6;1;0;0;1;1;1;0;2;1;2;0;0;0;1;1;1;3;1;0;0;1;0
1;18;19;Tönsmann;Marcel;3;19;205;77;6;4;7;128;3;2;6;2;1;3;2;3;1;1;0;4;5;2;1;3;2;1;2;2;3;2;2;3;0;2;2
1;18;20;Roger;Aneta;16;20;181;42;139;0;4;1;1;1;2;2;2;2;2;0;5;2;0;4;0;0;0;1;1;2;1;1;0;0;1;1;2;1;3
1;18;21;Lindlbauer;Sophia;23;21;156;156;2;2;4;3;3;3;1;0;4;2;8;4;4;5;4;4;5;4;10;8;3;5;5;5;17;16;4;4;4;3;10
1;18;22;Arifi;Krenar;30;22;118;118;1;3;1;4;2;3;3;2;2;1;2;5;3;3;5;7;4;3;3;19;2;2;1;2;3;2;3;3;2;9;13
1;18;23;Schmid;Kathrin;25;23;114;114;2;7;6;4;1;1;2;5;0;2;5;5;1;5;3;9;2;9;4;5;0;4;3;6;0;3;3;3;4;2;8
1;18;24;Uphues;Josephine;24;24;92;92;5;0;2;4;1;4;3;5;3;1;2;2;3;3;1;1;1;7;4;7;2;3;1;4;2;3;5;2;3;2;6
1;18;25;Kellberger;Manfred;20;25;69;69;1;1;3;1;4;6;3;0;4;1;2;1;2;2;3;0;5;1;1;3;1;4;3;5;2;3;0;0;3;3;1
1;18;26;Schuppe;Jakob;29;26;69;69;0;1;1;1;1;1;1;2;0;1;0;1;1;0;2;2;1;4;0;20;1;2;2;3;1;0;1;1;2;2;14
1;18;27;Naumann;Andreas;28;27;66;66;1;1;3;0;5;5;2;3;2;1;1;2;2;1;3;4;3;2;1;2;1;4;3;0;1;4;3;0;1;1;4
1;18;28;Hell;Kerstin;21;28;52;52;1;0;0;0;1;2;1;1;1;1;14;0;1;0;2;0;1;2;0;1;4;1;1;1;2;0;1;2;1;0;10
1;18;29;Kaiser;Ferdinand;27;29;34;34;2;0;2;1;2;0;1;0;1;0;1;1;2;1;0;1;2;1;0;1;0;1;0;5;0;1;1;2;1;2;2
1;18;30;Selbmann;Angelika;26;30;31;31;2;1;0;1;2;2;1;1;1;1;1;0;1;4;1;3;0;1;0;1;0;0;0;0;1;0;2;0;0;0;4
